user_name	scenario_name	period	raw	score	total_score	timestamp
250611	シナリオ1	2026-2050	{'収量': 4822.573634287063, '洪水被害': 17742636.57129367, '予算': 0.0, '生態系': 99.99995, '都市利便性': 0.0}	{'収量': 48.2, '洪水被害': 91.1, '予算': 100.0, '生態系': 100.0, '都市利便性': 0.0}	67.86	2025-06-10 21:34:59.154115+00:00
Dave	シナリオ1	2026-2050	{'収量': 5000.0, '洪水被害': 0.0, '予算': 0.0, '生態系': 99.99995, '都市利便性': 0.0}	{'収量': 50.0, '洪水被害': 100.0, '予算': 100.0, '生態系': 100.0, '都市利便性': 0.0}	70.0	2025-06-05 00:49:50.309857+00:00
Dave4	シナリオ1	2026-2050	{'収量': 5000.0, '洪水被害': 0.0, '予算': 150000000.0, '生態系': 99.99995, '都市利便性': 4.99}	{'収量': 50.0, '洪水被害': 100.0, '予算': 85.0, '生態系': 100.0, '都市利便性': 5.0}	68.0	2025-06-05 01:01:31.433681+00:00
Dave4	シナリオ1	2051-2075	{'収量': 4418.7865756216615, '洪水被害': 58104675.77116712, '予算': 446000000.0, '生態系': 99.98669999999998, '都市利便性': 15.35754801281201}	{'収量': 44.2, '洪水被害': 70.9, '予算': 55.4, '生態系': 100.0, '都市利便性': 15.4}	57.17999999999999	2025-06-05 01:01:44.685839+00:00
Dave4	シナリオ1	2076-2100	{'収量': 4687.978365227388, '洪水被害': 31168830.14392789, '予算': 601000000.0, '生態系': 99.91144999999995, '都市利便性': 65.03988610850456}	{'収量': 46.9, '洪水被害': 84.4, '予算': 39.9, '生態系': 99.9, '都市利便性': 65.0}	67.22	2025-06-05 01:01:55.021787+00:00
JIN	シナリオ1	2026-2050	{'収量': np.float64(5000.0), '洪水被害': np.float64(0.0), '予算': np.float64(381000000.0), '生態系': np.float64(99.99995), '都市利便性': np.float64(0.0)}	{'収量': 50.0, '洪水被害': 100.0, '予算': 61.9, '生態系': 100.0, '都市利便性': 0.0}	62.38	2025-05-25 03:43:05.995591+00:00
JIN	シナリオ1	2051-2075	{'収量': np.float64(4371.5552118380965), '洪水被害': np.float64(62827812.14952366), '予算': np.float64(160000000.0), '生態系': np.float64(99.98669999999998), '都市利便性': np.float64(0.0)}	{'収量': 43.7, '洪水被害': 68.6, '予算': 84.0, '生態系': 100.0, '都市利便性': 0.0}	59.260000000000005	2025-05-25 03:45:11.433764+00:00
JIN	シナリオ1	2076-2100	{'収量': np.float64(4266.7865125370645), '洪水被害': np.float64(46779473.04984046), '予算': np.float64(200000000.0), '生態系': np.float64(99.91144999999995), '都市利便性': np.float64(25.739655832718405)}	{'収量': 42.7, '洪水被害': 76.6, '予算': 80.0, '生態系': 99.9, '都市利便性': 25.7}	64.98	2025-05-25 03:46:46.615373+00:00
JK	シナリオ1	2026-2050	{'収量': np.float64(5000.0), '洪水被害': np.float64(0.0), '予算': np.float64(562000000.0), '生態系': np.float64(99.99995), '都市利便性': np.float64(0.0)}	{'収量': 50.0, '洪水被害': 100.0, '予算': 43.8, '生態系': 100.0, '都市利便性': 0.0}	58.760000000000005	2025-05-25 02:52:26.856386+00:00
JK	シナリオ1	2051-2075	{'収量': np.float64(4296.838495920152), '洪水被害': np.float64(70299483.74131806), '予算': np.float64(336000000.0), '生態系': np.float64(99.98469999999999), '都市利便性': np.float64(0.0)}	{'収量': 43.0, '洪水被害': 64.9, '予算': 66.4, '生態系': 100.0, '都市利便性': 0.0}	54.86	2025-05-25 02:55:17.376081+00:00
JK	シナリオ1	2076-2100	{'収量': np.float64(2485.107148856949), '洪水被害': np.float64(98055853.27806129), '予算': np.float64(105000000.0), '生態系': np.float64(97.87345024917924), '都市利便性': np.float64(0.0)}	{'収量': 24.9, '洪水被害': 51.0, '予算': 89.5, '生態系': 97.9, '都市利便性': 0.0}	52.66	2025-05-25 02:56:33.869967+00:00
Junくん	シナリオ1	2026-2050	{'収量': np.float64(5000.0), '洪水被害': np.float64(0.0), '予算': np.float64(281000000.0), '生態系': np.float64(99.99995), '都市利便性': np.float64(0.0)}	{'収量': 50.0, '洪水被害': 100.0, '予算': 71.9, '生態系': 100.0, '都市利便性': 0.0}	64.38	2025-05-25 05:22:22.342676+00:00
Junくん	シナリオ1	2051-2075	{'収量': np.float64(4215.20356939059), '洪水被害': np.float64(78462976.39427432), '予算': np.float64(467000000.0), '生態系': np.float64(97.58871301460977), '都市利便性': np.float64(0.0)}	{'収量': 42.2, '洪水被害': 60.8, '予算': 53.3, '生態系': 97.6, '都市利便性': 0.0}	50.78	2025-05-25 05:26:36.708532+00:00
Junくん	シナリオ1	2076-2100	{'収量': np.float64(2608.538565138462), '洪水被害': np.float64(104801963.91627425), '予算': np.float64(150000000.0), '生態系': np.float64(59.88363006409861), '都市利便性': np.float64(0.0)}	{'収量': 26.1, '洪水被害': 47.6, '予算': 85.0, '生態系': 59.9, '都市利便性': 0.0}	43.72	2025-05-25 05:28:16.863106+00:00
NE	シナリオ1	2026-2050	{'収量': np.float64(5000.0), '洪水被害': np.float64(0.0), '予算': np.float64(381000000.0), '生態系': np.float64(99.99995), '都市利便性': np.float64(0.0)}	{'収量': 50.0, '洪水被害': 100.0, '予算': 61.9, '生態系': 100.0, '都市利便性': 0.0}	62.38	2025-05-25 04:20:23.572786+00:00
NE	シナリオ1	2051-2075	{'収量': np.float64(4659.896349401023), '洪水被害': np.float64(33993698.39323101), '予算': np.float64(60000000.0), '生態系': np.float64(99.98669999999998), '都市利便性': np.float64(0.0)}	{'収量': 46.6, '洪水被害': 83.0, '予算': 94.0, '生態系': 100.0, '都市利便性': 0.0}	64.72	2025-05-25 04:23:41.264436+00:00
NE	シナリオ1	2076-2100	{'収量': np.float64(3953.3466353647127), '洪水被害': np.float64(104665336.46352875), '予算': np.float64(255000000.0), '生態系': np.float64(99.93545000000006), '都市利便性': np.float64(0.0)}	{'収量': 39.5, '洪水被害': 47.7, '予算': 74.5, '生態系': 99.9, '都市利便性': 0.0}	52.32000000000001	2025-05-25 04:26:00.358294+00:00
ashino	シナリオ1	2026-2050	{'収量': np.float64(5000.0), '洪水被害': np.float64(0.0), '予算': np.float64(0.0), '生態系': np.float64(99.99995), '都市利便性': np.float64(0.0)}	{'収量': 50.0, '洪水被害': 100.0, '予算': 100.0, '生態系': 100.0, '都市利便性': 0.0}	70.0	2025-05-25 00:01:45.775321+00:00
ashino	シナリオ1	2051-2075	{'収量': np.float64(4642.801447698495), '洪水被害': np.float64(33124315.121470205), '予算': np.float64(105000000.0), '生態系': np.float64(99.99869999999996), '都市利便性': np.float64(0.0)}	{'収量': 46.4, '洪水被害': 83.4, '予算': 89.5, '生態系': 100.0, '都市利便性': 0.0}	63.86	2025-05-25 00:02:07.720780+00:00
ashino	シナリオ1	2076-2100	{'収量': np.float64(3036.541271750306), '洪水被害': np.float64(49235455.68260036), '予算': np.float64(105000000.0), '生態系': np.float64(99.98344999999995), '都市利便性': np.float64(0.0)}	{'収量': 30.4, '洪水被害': 75.4, '予算': 89.5, '生態系': 100.0, '都市利便性': 0.0}	59.06	2025-05-25 00:02:30.271869+00:00
ashino2	シナリオ1	2026-2050	{'収量': np.float64(5000.0), '洪水被害': np.float64(0.0), '予算': np.float64(467000000.0), '生態系': np.float64(99.995), '都市利便性': np.float64(0.0)}	{'収量': 1.7, '洪水被害': -0.0, '予算': 0.5, '生態系': 100.0, '都市利便性': 0.0}	20.44	2025-05-24 03:42:23.552085+00:00
ashino2	シナリオ1	2051-2075	{'収量': np.float64(4522.343111539861), '洪水被害': np.float64(34387843.74605752), '予算': np.float64(105000000.0), '生態系': np.float64(99.56491841392517), '都市利便性': np.float64(0.0)}	{'収量': 1.5, '洪水被害': 17.2, '予算': 0.1, '生態系': 99.6, '都市利便性': 0.0}	23.68	2025-05-24 03:43:28.931368+00:00
ashino2	シナリオ1	2076-2100	{'収量': np.float64(3199.340146637738), '洪水被害': np.float64(76650504.20267065), '予算': np.float64(246000000.0), '生態系': np.float64(98.43991841392527), '都市利便性': np.float64(0.0)}	{'収量': 1.1, '洪水被害': 38.3, '予算': 0.2, '生態系': 98.4, '都市利便性': 0.0}	27.6	2025-05-24 03:44:18.622576+00:00
grape	シナリオ1	2026-2050	{'収量': 5000.0, '洪水被害': 0.0, '予算': 0.0, '生態系': 99.995, '都市利便性': 0.0}	{'収量': 1.7, '洪水被害': -0.0, '予算': -0.0, '生態系': 100.0, '都市利便性': 0.0}	20.34	2025-05-24 02:11:33.870269+00:00
grape	シナリオ1	2051-2075	{'収量': 4806.724820871194, '洪水被害': 19327517.912880532, '予算': 0.0, '生態系': 0.0, '都市利便性': 0.0}	{'収量': 1.6, '洪水被害': 9.7, '予算': -0.0, '生態系': 0.0, '都市利便性': 0.0}	2.26	2025-05-24 02:11:45.786647+00:00
grape	シナリオ1	2076-2100	{'収量': 3258.248741049119, '洪水被害': 88369069.0756973, '予算': 0.0, '生態系': 0.0, '都市利便性': 0.0}	{'収量': 1.1, '洪水被害': 44.2, '予算': -0.0, '生態系': 0.0, '都市利便性': 0.0}	9.06	2025-05-24 02:11:55.186729+00:00
jiro	シナリオ1	2026-2050	{'収量': 5000.0, '洪水被害': 0.0, '予算': 0.0, '生態系': 99.995, '都市利便性': 0.0}	{'収量': 1.7, '洪水被害': -0.0, '予算': -0.0, '生態系': 100.0, '都市利便性': 0.0}	20.34	2025-05-24 03:09:44.442857+00:00
jiro	シナリオ1	2051-2075	{'収量': 1437.248292827357, '洪水被害': 17947022.16704353, '予算': 0.0, '生態系': 0.0, '都市利便性': 0.0}	{'収量': 0.5, '洪水被害': 9.0, '予算': -0.0, '生態系': 0.0, '都市利便性': 0.0}	1.9	2025-05-24 03:09:54.789906+00:00
jiro	シナリオ1	2076-2100	{'収量': 636.6506071058043, '洪水被害': 73999395.61854973, '予算': 0.0, '生態系': 0.0, '都市利便性': 0.0}	{'収量': 0.2, '洪水被害': 37.0, '予算': -0.0, '生態系': 0.0, '都市利便性': 0.0}	7.44	2025-05-24 03:10:02.983351+00:00
maeba	シナリオ1	2026-2050	{'収量': 4999.833333333333, '洪水被害': 0.0, '予算': 441000000.0, '生態系': 99.99995, '都市利便性': 4.987513087893178}	{'収量': 50.0, '洪水被害': 100.0, '予算': 55.9, '生態系': 100.0, '都市利便性': 5.0}	62.17999999999999	2025-06-05 05:02:31.010049+00:00
maeba	シナリオ1	2051-2075	{'収量': 4846.008125861134, '洪水被害': 15382520.747219833, '予算': 491000000.0, '生態系': 99.98469999999999, '都市利便性': 62.076120494902966}	{'収量': 48.5, '洪水被害': 92.3, '予算': 50.9, '生態系': 100.0, '都市利便性': 62.1}	70.76000000000002	2025-06-05 05:02:43.162003+00:00
maeba1	シナリオ1	2026-2050	{'収量': 4999.833333333333, '洪水被害': 0.0, '予算': 355000000.0, '生態系': 99.99995, '都市利便性': 9.99}	{'収量': 50.0, '洪水被害': 100.0, '予算': 64.5, '生態系': 100.0, '都市利便性': 10.0}	64.9	2025-06-05 05:05:07.547338+00:00
maeba2	シナリオ1	2026-2050	{'収量': 5000.0, '洪水被害': 0.0, '予算': 0.0, '生態系': 99.99995, '都市利便性': 0.0}	{'収量': 50.0, '洪水被害': 100.0, '予算': 100.0, '生態系': 100.0, '都市利便性': 0.0}	70.0	2025-06-05 11:43:49.344272+00:00
maeba3	シナリオ1	2026-2050	{'収量': 21055.54183290781, '洪水被害': 0.0, '予算': 0.0, '生態系': 84.39009080282487, '都市利便性': 25.0}	{'収量': 100.0, '洪水被害': 100.0, '予算': 100.0, '生態系': 84.4, '都市利便性': 25.0}	81.88	2025-06-05 12:07:25.687619+00:00
maeba4	シナリオ1	2026-2050	{'収量': 20354.394329814008, '洪水被害': 0.0, '予算': 0.0, '生態系': 84.39009080282487, '都市利便性': 25.0}	{'収量': 100.0, '洪水被害': 100.0, '予算': 100.0, '生態系': 84.4, '都市利便性': 25.0}	81.88	2025-06-05 12:11:14.348030+00:00
maeba5	シナリオ1	2026-2050	{'収量': 5000.0, '洪水被害': 0.0, '予算': 0.0, '生態系': 99.99995, '都市利便性': 0.0}	{'収量': 50.0, '洪水被害': 100.0, '予算': 100.0, '生態系': 100.0, '都市利便性': 0.0}	70.0	2025-06-05 12:11:51.765997+00:00
maeba6	シナリオ1	2026-2050	{'収量': 5000.0, '洪水被害': 0.0, '予算': 0.0, '生態系': 99.99995, '都市利便性': 0.0}	{'収量': 50.0, '洪水被害': 100.0, '予算': 100.0, '生態系': 100.0, '都市利便性': 0.0}	70.0	2025-06-09 02:31:26.403752+00:00
nk	シナリオ1	2026-2050	{'収量': np.float64(4999.833333333333), '洪水被害': np.float64(0.0), '予算': np.float64(472000000.0), '生態系': np.float64(99.995), '都市利便性': np.float64(0.0)}	{'収量': 1.7, '洪水被害': -0.0, '予算': 0.5, '生態系': 100.0, '都市利便性': 0.0}	20.44	2025-05-24 04:21:45.547493+00:00
nk	シナリオ1	2051-2075	{'収量': np.float64(2826.374036191392), '洪水被害': np.float64(34901846.71276306), '予算': np.float64(210000000.0), '生態系': np.float64(0.0), '都市利便性': np.float64(0.0)}	{'収量': 0.9, '洪水被害': 17.5, '予算': 0.2, '生態系': 0.0, '都市利便性': 0.0}	3.72	2025-05-24 04:25:01.932777+00:00
nk	シナリオ1	2076-2100	{'収量': np.float64(3595.2287557183313), '洪水被害': np.float64(8252191.76985123), '予算': np.float64(546000000.0), '生態系': np.float64(0.0), '都市利便性': np.float64(57.91346754518137)}	{'収量': 1.2, '洪水被害': 4.1, '予算': 0.5, '生態系': 0.0, '都市利便性': 57.9}	12.739999999999998	2025-05-24 04:27:27.009406+00:00
s	シナリオ1	2026-2050	{'収量': 5000.0, '洪水被害': 0.0, '予算': 0.0, '生態系': 99.99995, '都市利便性': 0.0}	{'収量': 50.0, '洪水被害': 100.0, '予算': 100.0, '生態系': 100.0, '都市利便性': 0.0}	70.0	2025-06-09 02:35:42.315279+00:00
s	シナリオ1	2051-2075	{'収量': -6651.611899579869, '洪水被害': 665161189.9579868, '予算': 0.0, '生態系': 99.99869999999996, '都市利便性': 0.0}	{'収量': 0.0, '洪水被害': 0.0, '予算': 100.0, '生態系': 100.0, '都市利便性': 0.0}	40.0	2025-06-09 02:36:55.197140+00:00
sq	シナリオ1	2026-2050	{'収量': 4783.24915874168, '洪水被害': 21675084.125832025, '予算': 0.0, '生態系': 99.99995, '都市利便性': 0.0}	{'収量': 47.8, '洪水被害': 89.2, '予算': 100.0, '生態系': 100.0, '都市利便性': 0.0}	67.4	2025-06-09 04:21:26.391140+00:00
ss	シナリオ1	2026-2050	{'収量': 4589.87612183294, '洪水被害': 41012387.816706, '予算': 0.0, '生態系': 99.99995, '都市利便性': 0.0}	{'収量': 45.9, '洪水被害': 79.5, '予算': 100.0, '生態系': 100.0, '都市利便性': 0.0}	65.08	2025-06-09 04:11:03.058738+00:00
sss	シナリオ1	2026-2050	{'収量': 5000.0, '洪水被害': 0.0, '予算': 0.0, '生態系': 99.99995, '都市利便性': 0.0}	{'収量': 50.0, '洪水被害': 100.0, '予算': 100.0, '生態系': 100.0, '都市利便性': 0.0}	70.0	2025-06-09 04:12:43.534224+00:00
sssw	シナリオ1	2026-2050	{'収量': 4764.238079816807, '洪水被害': 23576192.018319268, '予算': 0.0, '生態系': 99.99995, '都市利便性': 0.0}	{'収量': 47.6, '洪水被害': 88.2, '予算': 100.0, '生態系': 100.0, '都市利便性': 0.0}	67.16	2025-06-09 04:15:25.218744+00:00
sssws	シナリオ1	2026-2050	{'収量': 5000.0, '洪水被害': 0.0, '予算': 0.0, '生態系': 99.99995, '都市利便性': 0.0}	{'収量': 50.0, '洪水被害': 100.0, '予算': 100.0, '生態系': 100.0, '都市利便性': 0.0}	70.0	2025-06-09 04:19:04.205376+00:00
sssws	シナリオ1	2051-2075	{'収量': -4662.915700017953, '洪水被害': 885869300.9663093, '予算': 0.0, '生態系': 75.74045576873927, '都市利便性': 0.0}	{'収量': 0.0, '洪水被害': 0.0, '予算': 100.0, '生態系': 75.7, '都市利便性': 0.0}	35.14	2025-06-09 04:19:27.530340+00:00
ssswss	シナリオ1	2026-2050	{'収量': 5000.0, '洪水被害': 0.0, '予算': 0.0, '生態系': 99.99995, '都市利便性': 0.0}	{'収量': 50.0, '洪水被害': 100.0, '予算': 100.0, '生態系': 100.0, '都市利便性': 0.0}	70.0	2025-06-09 04:19:33.893436+00:00
ssw	シナリオ1	2026-2050	{'収量': 5000.0, '洪水被害': 0.0, '予算': 0.0, '生態系': 99.99995, '都市利便性': 0.0}	{'収量': 50.0, '洪水被害': 100.0, '予算': 100.0, '生態系': 100.0, '都市利便性': 0.0}	70.0	2025-06-09 04:20:27.582912+00:00
sw	シナリオ1	2026-2050	{'収量': 5000.0, '洪水被害': 0.0, '予算': 0.0, '生態系': 99.99995, '都市利便性': 0.0}	{'収量': 50.0, '洪水被害': 100.0, '予算': 100.0, '生態系': 100.0, '都市利便性': 0.0}	70.0	2025-06-09 04:24:52.200819+00:00
swd	シナリオ1	2026-2050	{'収量': 5000.0, '洪水被害': 0.0, '予算': 0.0, '生態系': 99.99995, '都市利便性': 0.0}	{'収量': 50.0, '洪水被害': 100.0, '予算': 100.0, '生態系': 100.0, '都市利便性': 0.0}	70.0	2025-06-09 04:26:27.222481+00:00
swd	シナリオ1	2051-2075	{'収量': -9267.418284971647, '洪水被害': 926741828.4971647, '予算': 0.0, '生態系': 99.99869999999996, '都市利便性': 0.0}	{'収量': 0.0, '洪水被害': 0.0, '予算': 100.0, '生態系': 100.0, '都市利便性': 0.0}	40.0	2025-06-09 04:26:37.965438+00:00
swf	シナリオ1	2026-2050	{'収量': 5000.0, '洪水被害': 0.0, '予算': 0.0, '生態系': 99.99995, '都市利便性': 0.0}	{'収量': 50.0, '洪水被害': 100.0, '予算': 100.0, '生態系': 100.0, '都市利便性': 0.0}	70.0	2025-06-09 04:29:04.069801+00:00
swf	シナリオ1	2051-2075	{'収量': -7425.628390225663, '洪水被害': 742562839.0225662, '予算': 0.0, '生態系': 74.84515253523337, '都市利便性': 0.0}	{'収量': 0.0, '洪水被害': 0.0, '予算': 100.0, '生態系': 74.8, '都市利便性': 0.0}	34.96	2025-06-09 04:30:54.378534+00:00
swf	シナリオ1	2076-2100	{'収量': -33167.02777909941, '洪水被害': 3316702777.9099402, '予算': 0.0, '生態系': 35.81925454229558, '都市利便性': 0.0}	{'収量': 0.0, '洪水被害': 0.0, '予算': 100.0, '生態系': 35.8, '都市利便性': 0.0}	27.160000000000004	2025-06-09 04:31:01.555844+00:00
taro	シナリオ1	2026-2050	{'収量': 5000.0, '洪水被害': 0.0, '予算': 0.0, '生態系': 99.995, '都市利便性': 0.0}	{'収量': 1.7, '洪水被害': -0.0, '予算': -0.0, '生態系': 100.0, '都市利便性': 0.0}	20.34	2025-05-24 03:07:11.767774+00:00
taro	シナリオ1	2051-2075	{'収量': 4592.4961178715885, '洪水被害': 19428433.665806875, '予算': 0.0, '生態系': 27.17210640324999, '都市利便性': 0.0}	{'収量': 1.5, '洪水被害': 9.7, '予算': -0.0, '生態系': 27.2, '都市利便性': 0.0}	7.68	2025-05-24 03:07:21.856842+00:00
taro	シナリオ1	2076-2100	{'収量': 2054.6281149376387, '洪水被害': 65414039.51897374, '予算': 0.0, '生態系': 0.0, '都市利便性': 0.0}	{'収量': 0.7, '洪水被害': 32.7, '予算': -0.0, '生態系': 0.0, '都市利便性': 0.0}	6.6800000000000015	2025-05-24 03:07:29.885010+00:00
test	シナリオ1	2026-2050	{'収量': 5000.0, '洪水被害': 0.0, '予算': 0.0, '生態系': 99.99995, '都市利便性': 0.0}	{'収量': 50.0, '洪水被害': 100.0, '予算': 100.0, '生態系': 100.0, '都市利便性': 0.0}	70.0	2025-05-28 01:28:37.262090+00:00
test	シナリオ1	2051-2075	{'収量': 4790.643938945075, '洪水被害': 20397220.131891977, '予算': 105000000.0, '生態系': 99.99869999999996, '都市利便性': 0.0}	{'収量': 47.9, '洪水被害': 89.8, '予算': 89.5, '生態系': 100.0, '都市利便性': 0.0}	65.44	2025-05-28 01:28:47.800994+00:00
test	シナリオ1	2076-2100	{'収量': 2797.8608869544896, '洪水被害': 104283669.08628488, '予算': 105000000.0, '生態系': 99.98344999999995, '都市利便性': 0.0}	{'収量': 28.0, '洪水被害': 47.9, '予算': 89.5, '生態系': 100.0, '都市利便性': 0.0}	53.08	2025-05-28 01:31:22.964173+00:00
test1	シナリオ1	2026-2050	{'収量': 5000.0, '洪水被害': 0.0, '予算': 0.0, '生態系': 99.99995, '都市利便性': 0.0}	{'収量': 50.0, '洪水被害': 100.0, '予算': 100.0, '生態系': 100.0, '都市利便性': 0.0}	70.0	2025-05-28 01:57:35.755656+00:00
test1	シナリオ1	2051-2075	{'収量': 4623.142467119211, '洪水被害': 37685753.28807896, '予算': 0.0, '生態系': 99.44103138270162, '都市利便性': 0.0}	{'収量': 46.2, '洪水被害': 81.2, '予算': 100.0, '生態系': 99.4, '都市利便性': 0.0}	65.36	2025-05-28 01:57:39.969305+00:00
test1	シナリオ1	2076-2100	{'収量': 3357.525755540389, '洪水被害': 33300423.45131094, '予算': 0.0, '生態系': 63.2962253452271, '都市利便性': 0.0}	{'収量': 33.6, '洪水被害': 83.3, '予算': 100.0, '生態系': 63.3, '都市利便性': 0.0}	56.04	2025-05-28 01:58:07.484445+00:00
test100	シナリオ1	2026-2050	{'収量': 4472.158979120675, '洪水被害': 52767435.421265736, '予算': 286000000.0, '住民負担': 29127.674354212657, '生態系': 94.11083719331194, '森林面積': 0.0, '都市利便性': 0.0}	{'収量': 44.7, '洪水被害': 73.6, '予算': 71.4, '住民負担': 70.9, '生態系': 94.1, '森林面積': 0.0, '都市利便性': 0.0}	50.67142857142858	2025-06-22 07:43:08.571948+00:00
test100	シナリオ1	2051-2075	{'収量': 4493.966654680417, '洪水被害': 50586667.86529154, '予算': 286000000.0, '住民負担': 29030.717857747986, '生態系': 82.0307552823764, '森林面積': 0.0, '都市利便性': 22.91402670702734}	{'収量': 44.9, '洪水被害': 74.7, '予算': 71.4, '住民負担': 71.0, '生態系': 82.0, '森林面積': 0.0, '都市利便性': 22.9}	52.41428571428571	2025-06-22 07:43:13.543907+00:00
test100	シナリオ1	2076-2100	{'収量': 2580.875830897893, '洪水被害': 116017213.14517738, '予算': 286000000.0, '住民負担': 30404.33368790779, '生態系': 65.17592363630071, '森林面積': 0.0, '都市利便性': 0.0}	{'収量': 25.8, '洪水被害': 42.0, '予算': 71.4, '住民負担': 69.6, '生態系': 65.2, '森林面積': 0.0, '都市利便性': 0.0}	39.142857142857146	2025-06-22 07:43:28.675030+00:00
test104	シナリオ1	2026-2050	{'収量': 5000.0, '洪水被害': 0, '予算': 0.0, '住民負担': 0.0, '生態系': 97.68957387377559, '森林面積': 0.0, '都市利便性': 0.0}	{'収量': 50.0, '洪水被害': 100.0, '予算': 100.0, '住民負担': 100.0, '生態系': 97.7, '森林面積': 0.0, '都市利便性': 0.0}	63.957142857142856	2025-06-22 16:03:00.409160+00:00
test114	シナリオ1	2026-2050	{'収量': 4449.688944583193, '洪水被害': 55031105.541680746, '予算': 0.0, '住民負担': 550.3110554168076, '生態系': 63.34959452358979, '森林面積': 0.0, '都市利便性': 0.0}	{'収量': 44.5, '洪水被害': 72.5, '予算': 100.0, '住民負担': 99.4, '生態系': 63.3, '森林面積': 0.0, '都市利便性': 0.0}	54.24285714285714	2025-06-22 16:13:43.814176+00:00
test114	シナリオ1	2051-2075	{'収量': 4172.748121806752, '洪水被害': 82725187.81932473, '予算': 0.0, '住民負担': 774.3138158729789, '生態系': 97.04939991330623, '森林面積': 0.0, '都市利便性': 0.0}	{'収量': 41.7, '洪水被害': 58.6, '予算': 100.0, '住民負担': 99.2, '生態系': 97.0, '森林面積': 0.0, '都市利便性': 0.0}	56.642857142857146	2025-06-22 16:13:48.443342+00:00
test114	シナリオ1	2076-2100	{'収量': 3828.8049612187056, '洪水被害': 115112404.19530736, '予算': 0.0, '住民負担': 1044.1044357212627, '生態系': 89.2053808485746, '森林面積': 0.0, '都市利便性': 0.0}	{'収量': 38.3, '洪水被害': 42.4, '予算': 100.0, '住民負担': 99.0, '生態系': 89.2, '森林面積': 0.0, '都市利便性': 0.0}	52.7	2025-06-22 16:13:52.840268+00:00
test116	シナリオ1	2026-2050	{'収量': 4021.193610499152, '洪水被害': 97880638.9500848, '予算': 0.0, '住民負担': 978.806389500848, '生態系': 93.85736408918851, '森林面積': 0.0, '都市利便性': 0.0}	{'収量': 40.2, '洪水被害': 51.1, '予算': 100.0, '住民負担': 99.0, '生態系': 93.9, '森林面積': 0.0, '都市利便性': 0.0}	54.88571428571429	2025-06-22 16:18:08.456259+00:00
test117	シナリオ1	2026-2050	{'収量': 5000.0, '洪水被害': 0, '予算': 0.0, '住民負担': 0.0, '生態系': 92.42667249324128, '森林面積': 0.0, '都市利便性': 0.0}	{'収量': 50.0, '洪水被害': 100.0, '予算': 100.0, '住民負担': 100.0, '生態系': 92.4, '森林面積': 0.0, '都市利便性': 0.0}	63.2	2025-06-22 16:20:46.302704+00:00
test119	シナリオ1	2026-2050	{'収量': 5000.0, '洪水被害': 0, '予算': 0.0, '住民負担': 0.0, '生態系': 66.88558130024798, '森林面積': 0.0, '都市利便性': 0.0}	{'収量': 50.0, '洪水被害': 100.0, '予算': 100.0, '住民負担': 100.0, '生態系': 66.9, '森林面積': 0.0, '都市利便性': 0.0}	59.55714285714286	2025-06-22 16:25:03.317409+00:00
test120	シナリオ1	2026-2050	{'収量': 5000.0, '洪水被害': 0, '予算': 0.0, '住民負担': 0.0, '生態系': 92.9222751351527, '森林面積': 0.0, '都市利便性': 0.0}	{'収量': 50.0, '洪水被害': 100.0, '予算': 100.0, '住民負担': 100.0, '生態系': 92.9, '森林面積': 0.0, '都市利便性': 0.0}	63.271428571428565	2025-06-22 16:27:16.557281+00:00
test121	シナリオ1	2026-2050	{'収量': 5000.0, '洪水被害': 0, '予算': 0.0, '住民負担': 0.0, '生態系': 79.8199957606223, '森林面積': 0.0, '都市利便性': 0.0}	{'収量': 50.0, '洪水被害': 100.0, '予算': 100.0, '住民負担': 100.0, '生態系': 79.8, '森林面積': 0.0, '都市利便性': 0.0}	61.4	2025-06-22 16:27:39.967906+00:00
test121	シナリオ1	2051-2075	{'収量': 4342.8661725032, '洪水被害': 65713382.749680035, '予算': 0.0, '住民負担': 611.5233578501317, '生態系': 82.62097705736682, '森林面積': 0.0, '都市利便性': 0.0}	{'収量': 43.4, '洪水被害': 67.1, '予算': 100.0, '住民負担': 99.4, '生態系': 82.6, '森林面積': 0.0, '都市利便性': 0.0}	56.07142857142857	2025-06-22 16:27:49.884812+00:00
test121	シナリオ1	2076-2100	{'収量': 3993.07520542462, '洪水被害': 84735284.8064275, '予算': 0.0, '住民負担': 791.7673771269382, '生態系': 79.6444336893864, '森林面積': 0.0, '都市利便性': 0.0}	{'収量': 39.9, '洪水被害': 57.6, '予算': 100.0, '住民負担': 99.2, '生態系': 79.6, '森林面積': 0.0, '都市利便性': 0.0}	53.75714285714285	2025-06-22 16:37:19.617465+00:00
test3	シナリオ1	2026-2050	{'収量': 5000.0, '洪水被害': 0.0, '予算': 0.0, '生態系': 99.99995, '都市利便性': 0.0}	{'収量': 50.0, '洪水被害': 100.0, '予算': 100.0, '生態系': 100.0, '都市利便性': 0.0}	70.0	2025-06-11 02:29:15.289203+00:00
test31	シナリオ1	2026-2050	{'収量': 5000.0, '洪水被害': 0.0, '予算': 0.0, '生態系': 99.99995, '都市利便性': 0.0}	{'収量': 50.0, '洪水被害': 100.0, '予算': 100.0, '生態系': 100.0, '都市利便性': 0.0}	70.0	2025-06-11 02:48:55.082249+00:00
test32	シナリオ1	2026-2050	{'収量': 5000.0, '洪水被害': 0.0, '予算': 0.0, '生態系': 99.99995, '都市利便性': 0.0}	{'収量': 50.0, '洪水被害': 100.0, '予算': 100.0, '生態系': 100.0, '都市利便性': 0.0}	70.0	2025-06-11 02:55:26.731406+00:00
test32	シナリオ1	2051-2075	{'収量': -6346.807389518057, '洪水被害': 634680738.9518056, '予算': 0.0, '生態系': 92.84861973011644, '都市利便性': 0.0}	{'収量': 0.0, '洪水被害': 0.0, '予算': 100.0, '生態系': 92.8, '都市利便性': 0.0}	38.56	2025-06-11 02:55:31.804919+00:00
test33	シナリオ1	2026-2050	{'収量': 5000.0, '洪水被害': 0.0, '予算': 0.0, '生態系': 99.99995, '都市利便性': 0.0}	{'収量': 50.0, '洪水被害': 100.0, '予算': 100.0, '生態系': 100.0, '都市利便性': 0.0}	70.0	2025-06-11 02:57:30.472421+00:00
test33	シナリオ1	2051-2075	{'収量': -5510.359326759327, '洪水被害': 551035932.6759326, '予算': 0.0, '生態系': 99.99869999999996, '都市利便性': 0.0}	{'収量': 0.0, '洪水被害': 0.0, '予算': 100.0, '生態系': 100.0, '都市利便性': 0.0}	40.0	2025-06-11 02:57:36.296203+00:00
test34	シナリオ1	2026-2050	{'収量': 4894.838378207433, '洪水被害': 0.0, '予算': 0.0, '生態系': 99.99995, '都市利便性': 0.0}	{'収量': 48.9, '洪水被害': 100.0, '予算': 100.0, '生態系': 100.0, '都市利便性': 0.0}	69.78	2025-06-11 02:59:04.057318+00:00
test34	シナリオ1	2051-2075	{'収量': 4090.9622109616876, '洪水被害': 56355897.251882575, '予算': 0.0, '生態系': 99.99869999999996, '都市利便性': 0.0}	{'収量': 40.9, '洪水被害': 71.8, '予算': 100.0, '生態系': 100.0, '都市利便性': 0.0}	62.54	2025-06-11 02:59:10.516092+00:00
test34	シナリオ1	2076-2100	{'収量': 3559.9453088233813, '洪水被害': 72901895.38739689, '予算': 0.0, '生態系': 99.99744999999992, '都市利便性': 0.0}	{'収量': 35.6, '洪水被害': 63.5, '予算': 100.0, '生態系': 100.0, '都市利便性': 0.0}	59.82000000000001	2025-06-11 02:59:15.940102+00:00
test35	シナリオ1	2026-2050	{'収量': 5000.0, '洪水被害': 0.0, '予算': 0.0, '生態系': 99.99995, '都市利便性': 0.0}	{'収量': 50.0, '洪水被害': 100.0, '予算': 100.0, '生態系': 100.0, '都市利便性': 0.0}	70.0	2025-06-11 03:04:15.339609+00:00
test35	シナリオ1	2051-2075	{'収量': 4340.636622655447, '洪水被害': 57874462.09697613, '予算': 0.0, '生態系': 99.99869999999996, '都市利便性': 0.0}	{'収量': 43.4, '洪水被害': 71.1, '予算': 100.0, '生態系': 100.0, '都市利便性': 0.0}	62.9	2025-06-11 03:04:20.449297+00:00
test35	シナリオ1	2076-2100	{'収量': 2474.589794904048, '洪水被害': 73985462.94961542, '予算': 0.0, '生態系': 99.99744999999992, '都市利便性': 0.0}	{'収量': 24.7, '洪水被害': 63.0, '予算': 100.0, '生態系': 100.0, '都市利便性': 0.0}	57.54	2025-06-11 03:04:24.818394+00:00
test36	シナリオ1	2026-2050	{'収量': 5000.0, '洪水被害': 0.0, '予算': 0.0, '生態系': 99.99995, '都市利便性': 0.0}	{'収量': 50.0, '洪水被害': 100.0, '予算': 100.0, '生態系': 100.0, '都市利便性': 0.0}	70.0	2025-06-11 03:08:30.579406+00:00
test36	シナリオ1	2051-2075	{'収量': 4316.748202051868, '洪水被害': 68325179.79481319, '予算': 100000000.0, '生態系': 99.99869999999996, '都市利便性': 0.0}	{'収量': 43.2, '洪水被害': 65.8, '予算': 90.0, '生態系': 100.0, '都市利便性': 0.0}	59.8	2025-06-11 03:08:43.312619+00:00
test36	シナリオ1	2076-2100	{'収量': 3129.08705345177, '洪水被害': 107977306.63788807, '予算': 100000000.0, '生態系': 99.99744999999992, '都市利便性': 39.13329401426603}	{'収量': 31.3, '洪水被害': 46.0, '予算': 90.0, '生態系': 100.0, '都市利便性': 39.1}	61.28000000000001	2025-06-11 03:08:48.074006+00:00
test37	シナリオ1	2026-2050	{'収量': 5000.0, '洪水被害': 0.0, '予算': 0.0, '生態系': 99.99995, '都市利便性': 0.0}	{'収量': 50.0, '洪水被害': 100.0, '予算': 100.0, '生態系': 100.0, '都市利便性': 0.0}	70.0	2025-06-11 03:11:13.245737+00:00
test37	シナリオ1	2051-2075	{'収量': 4264.036113240837, '洪水被害': 73596388.67591627, '予算': 0.0, '生態系': 99.99869999999996, '都市利便性': 0.0}	{'収量': 42.6, '洪水被害': 63.2, '予算': 100.0, '生態系': 100.0, '都市利便性': 0.0}	61.16	2025-06-11 03:11:17.563235+00:00
test37	シナリオ1	2076-2100	{'収量': 2273.124721220236, '洪水被害': 180243985.67514282, '予算': 0.0, '生態系': 99.99744999999992, '都市利便性': 0.0}	{'収量': 22.7, '洪水被害': 9.9, '予算': 100.0, '生態系': 100.0, '都市利便性': 0.0}	46.52	2025-06-11 03:11:21.896690+00:00
test40	シナリオ1	2026-2050	{'収量': 4845.5356161007, '洪水被害': 15446438.389929932, '予算': 0.0, '生態系': 99.99995, '都市利便性': 0.0}	{'収量': 48.5, '洪水被害': 92.3, '予算': 100.0, '生態系': 100.0, '都市利便性': 0.0}	68.16	2025-06-11 03:12:29.783682+00:00
test40	シナリオ1	2051-2075	{'収量': 3870.125223474914, '洪水被害': 25415861.731625833, '予算': 0.0, '生態系': 99.99869999999996, '都市利便性': 0.0}	{'収量': 38.7, '洪水被害': 87.3, '予算': 100.0, '生態系': 100.0, '都市利便性': 0.0}	65.2	2025-06-11 03:12:35.597729+00:00
test40	シナリオ1	2076-2100	{'収量': 2377.163953974388, '洪水被害': 113639196.92067651, '予算': 0.0, '生態系': 99.99744999999992, '都市利便性': 0.0}	{'収量': 23.8, '洪水被害': 43.2, '予算': 100.0, '生態系': 100.0, '都市利便性': 0.0}	53.4	2025-06-11 03:12:49.567398+00:00
test41	シナリオ1	2026-2050	{'収量': 5000.0, '洪水被害': 0, '予算': 386000000.0, '住民負担': 38600.0, '生態系': 84.09165564703875, '森林面積': 0.0, '都市利便性': 4.9875050000000005}	{'収量': 50.0, '洪水被害': 100.0, '予算': 61.4, '住民負担': 61.4, '生態系': 84.1, '森林面積': 0.0, '都市利便性': 5.0}	51.7	2025-06-16 21:26:32.589358+00:00
test41	シナリオ1	2051-2075	{'収量': 4411.557988622487, '洪水被害': 58844201.1377513, '予算': 441000000.0, '住民負担': 47774.11432083404, '生態系': 56.21950902566497, '森林面積': 0.0, '都市利便性': 8.66788075991363}	{'収量': 44.1, '洪水被害': 70.6, '予算': 55.9, '住民負担': 52.2, '生態系': 56.2, '森林面積': 0.0, '都市利便性': 8.7}	41.1	2025-06-16 21:26:50.663317+00:00
test41	シナリオ1	2076-2100	{'収量': 3305.0421948362723, '洪水被害': 36758559.41280475, '予算': 772000000.0, '住民負担': 79024.95349791451, '生態系': 56.6991707685886, '森林面積': 0.0, '都市利便性': 0.0}	{'収量': 33.1, '洪水被害': 81.6, '予算': 22.8, '住民負担': 21.0, '生態系': 56.7, '森林面積': 0.0, '都市利便性': 0.0}	30.74285714285714	2025-06-16 21:27:37.409007+00:00
test42	シナリオ1	2026-2050	{'収量': 5000.0, '洪水被害': 0, '予算': 286000000.0, '住民負担': 28600.0, '生態系': 83.95245908772601, '森林面積': 0.0, '都市利便性': 4.9875050000000005}	{'収量': 50.0, '洪水被害': 100.0, '予算': 71.4, '住民負担': 71.4, '生態系': 84.0, '森林面積': 0.0, '都市利便性': 5.0}	54.542857142857144	2025-06-16 21:29:23.159157+00:00
test44	シナリオ1	2026-2050	{'収量': 4999.666666666667, '洪水被害': 0, '予算': 782000000.0, '住民負担': 78200.0, '生態系': 84.55506260157878, '森林面積': 0.0, '都市利便性': 9.98001}	{'収量': 50.0, '洪水被害': 100.0, '予算': 21.8, '住民負担': 21.8, '生態系': 84.6, '森林面積': 0.0, '都市利便性': 10.0}	41.17142857142858	2025-06-16 21:55:38.197982+00:00
test44	シナリオ1	2051-2075	{'収量': 4454.424816309475, '洪水被害': 0, '予算': 732000000.0, '住民負担': 70315.08009845536, '生態系': 73.21604096892425, '森林面積': 0.0, '都市利便性': 100.0}	{'収量': 44.5, '洪水被害': 100.0, '予算': 26.8, '住民負担': 29.7, '生態系': 73.2, '森林面積': 0.0, '都市利便性': 100.0}	53.457142857142856	2025-06-16 21:55:45.107843+00:00
test44	シナリオ1	2076-2100	{'収量': 3516.8084155213232, '洪水被害': 16419883.619018, '予算': 622000000.0, '住民負担': 64150.24860615287, '生態系': 50.493838218929945, '森林面積': 0.0, '都市利便性': 89.27537422374982}	{'収量': 35.2, '洪水被害': 91.8, '予算': 37.8, '住民負担': 35.8, '生態系': 50.5, '森林面積': 0.0, '都市利便性': 89.3}	48.62857142857143	2025-06-16 21:56:20.832703+00:00
test46	シナリオ1	2026-2050	{'収量': 5000.0, '洪水被害': 0, '予算': 55000000.0, '住民負担': 5500.0, '生態系': 65.96186144042649, '森林面積': 0.0, '都市利便性': 4.9875050000000005}	{'収量': 50.0, '洪水被害': 100.0, '予算': 94.5, '住民負担': 94.5, '生態系': 66.0, '森林面積': 0.0, '都市利便性': 5.0}	58.57142857142857	2025-06-16 22:04:52.808342+00:00
test46	シナリオ1	2051-2075	{'収量': 3304.0708384983122, '洪水被害': 70742257.46517366, '予算': 255000000.0, '住民負担': 29061.66526422065, '生態系': 69.78728693052732, '森林面積': 0.0, '都市利便性': 1.698863870157453}	{'収量': 33.0, '洪水被害': 64.6, '予算': 74.5, '住民負担': 70.9, '生態系': 69.8, '森林面積': 0.0, '都市利便性': 1.7}	44.92857142857143	2025-06-16 22:04:59.825267+00:00
test46	シナリオ1	2076-2100	{'収量': 3436.890044007015, '洪水被害': 95233558.6692738, '予算': 486000000.0, '住民負担': 51712.78383730128, '生態系': 55.67329585065559, '森林面積': 0.0, '都市利便性': 0.0}	{'収量': 34.4, '洪水被害': 52.4, '予算': 51.4, '住民負担': 48.3, '生態系': 55.7, '森林面積': 0.0, '都市利便性': 0.0}	34.6	2025-06-16 22:05:06.630358+00:00
test47	シナリオ1	2026-2050	{'収量': 5000.0, '洪水被害': 0, '予算': 200000000.0, '住民負担': 20000.0, '生態系': 75.71081151369918, '森林面積': 0.0, '都市利便性': 0.0}	{'収量': 50.0, '洪水被害': 100.0, '予算': 80.0, '住民負担': 80.0, '生態系': 75.7, '森林面積': 0.0, '都市利便性': 0.0}	55.1	2025-06-16 22:05:53.655723+00:00
test47	シナリオ1	2051-2075	{'収量': 3867.0865783836434, '洪水被害': 51796146.54765825, '予算': 310000000.0, '住民負担': 31575.880102380073, '生態系': 58.26640566543363, '森林面積': 0.0, '都市利便性': 0.0}	{'収量': 38.7, '洪水被害': 74.1, '予算': 69.0, '住民負担': 68.4, '生態系': 58.3, '森林面積': 0.0, '都市利便性': 0.0}	44.07142857142857	2025-06-16 22:06:03.647138+00:00
test47	シナリオ1	2076-2100	{'収量': 4388.974420612678, '洪水被害': 58104184.45563418, '予算': 601000000.0, '住民負担': 59350.99779358641, '生態系': 45.20106149756866, '森林面積': 0.0, '都市利便性': 88.93447312608711}	{'収量': 43.9, '洪水被害': 70.9, '予算': 39.9, '住民負担': 40.6, '生態系': 45.2, '森林面積': 0.0, '都市利便性': 88.9}	47.05714285714286	2025-06-16 22:06:19.893174+00:00
test48	シナリオ1	2026-2050	{'収量': 4999.833333333333, '洪水被害': 0, '予算': 215000000.0, '住民負担': 21500.0, '生態系': 90.79730956973332, '森林面積': 0.0, '都市利便性': 4.9875050000000005}	{'収量': 50.0, '洪水被害': 100.0, '予算': 78.5, '住民負担': 78.5, '生態系': 90.8, '森林面積': 0.0, '都市利便性': 5.0}	57.542857142857144	2025-06-16 22:07:10.804554+00:00
test49	シナリオ1	2026-2050	{'収量': 4999.666666666667, '洪水被害': 0, '予算': 210000000.0, '住民負担': 21000.0, '生態系': 58.6483326608038, '森林面積': 0.0, '都市利便性': 9.99}	{'収量': 50.0, '洪水被害': 100.0, '予算': 79.0, '住民負担': 79.0, '生態系': 58.6, '森林面積': 0.0, '都市利便性': 10.0}	53.8	2025-06-16 22:07:27.637946+00:00
test53	シナリオ1	2026-2050	{'収量': 5000.0, '洪水被害': 0, '予算': 0.0, '住民負担': 0.0, '生態系': 82.12890380411805, '森林面積': 0.0, '都市利便性': 0.0}	{'収量': 50.0, '洪水被害': 100.0, '予算': 100.0, '住民負担': 100.0, '生態系': 82.1, '森林面積': 0.0, '都市利便性': 0.0}	61.728571428571435	2025-06-18 07:16:16.534185+00:00
test53	シナリオ1	2051-2075	{'収量': 4107.166733009524, '洪水被害': 89283326.69904754, '予算': 0.0, '住民負担': 885.467912249852, '生態系': 95.22864438857748, '森林面積': 0.0, '都市利便性': 0.0}	{'収量': 41.1, '洪水被害': 55.4, '予算': 100.0, '住民負担': 99.1, '生態系': 95.2, '森林面積': 0.0, '都市利便性': 0.0}	55.82857142857143	2025-06-18 07:16:21.457862+00:00
test53	シナリオ1	2076-2100	{'収量': 1832.3840080608181, '洪水被害': 57427458.19550352, '予算': 0.0, '住民負担': 596.4065530765602, '生態系': 68.51052389156263, '森林面積': 0.0, '都市利便性': 0.0}	{'収量': 18.3, '洪水被害': 71.3, '予算': 100.0, '住民負担': 99.4, '生態系': 68.5, '森林面積': 0.0, '都市利便性': 0.0}	51.07142857142857	2025-06-18 07:16:25.865882+00:00
test54	シナリオ1	2026-2050	{'収量': 5000.0, '洪水被害': 0, '予算': 0.0, '住民負担': 0.0, '生態系': 78.14440848982981, '森林面積': 0.0, '都市利便性': 0.0}	{'収量': 50.0, '洪水被害': 100.0, '予算': 100.0, '住民負担': 100.0, '生態系': 78.1, '森林面積': 0.0, '都市利便性': 0.0}	61.15714285714286	2025-06-18 07:17:04.812124+00:00
test54	シナリオ1	2051-2075	{'収量': 4317.576587410241, '洪水被害': 68225674.5923092, '予算': 15000000.0, '住民負担': 2140.444985457974, '生態系': 69.55836077281397, '森林面積': 0.0, '都市利便性': 0.0}	{'収量': 43.2, '洪水被害': 65.9, '予算': 98.5, '住民負担': 97.9, '生態系': 69.6, '森林面積': 0.0, '都市利便性': 0.0}	53.58571428571429	2025-06-18 07:17:17.941425+00:00
test54	シナリオ1	2076-2100	{'収量': 3888.6591053593047, '洪水被害': 90069583.94278845, '予算': 65000000.0, '住民負担': 7034.487236010387, '生態系': 80.37582807478734, '森林面積': 0.0, '都市利便性': 0.0}	{'収量': 38.9, '洪水被害': 55.0, '予算': 93.5, '住民負担': 93.0, '生態系': 80.4, '森林面積': 0.0, '都市利便性': 0.0}	51.54285714285714	2025-06-18 07:17:22.386353+00:00
test55	シナリオ1	2026-2050	{'収量': 4999.833333333333, '洪水被害': 0, '予算': 336000000.0, '住民負担': 33600.0, '生態系': 91.69514353207244, '森林面積': 0.0, '都市利便性': 0.0}	{'収量': 50.0, '洪水被害': 100.0, '予算': 66.4, '住民負担': 66.4, '生態系': 91.7, '森林面積': 0.0, '都市利便性': 0.0}	53.5	2025-06-18 07:18:34.941922+00:00
test55	シナリオ1	2051-2075	{'収量': 4439.9304114457345, '洪水被害': 55990292.18875985, '予算': 436000000.0, '住民負担': 44742.73925690679, '生態系': 62.73429216388612, '森林面積': 0.0, '都市利便性': 0.0}	{'収量': 44.4, '洪水被害': 72.0, '予算': 56.4, '住民負担': 55.3, '生態系': 62.7, '森林面積': 0.0, '都市利便性': 0.0}	41.542857142857144	2025-06-18 07:18:46.952744+00:00
test55	シナリオ1	2076-2100	{'収量': 2502.0312767297564, '洪水被害': 60657394.94532511, '予算': 672000000.0, '住民負担': 69504.61439869562, '生態系': 45.10354520965235, '森林面積': 0.0, '都市利便性': 0.0}	{'収量': 25.0, '洪水被害': 69.7, '予算': 32.8, '住民負担': 30.5, '生態系': 45.1, '森林面積': 0.0, '都市利便性': 0.0}	29.014285714285712	2025-06-18 07:19:08.569391+00:00
test56	シナリオ1	2026-2050	{'収量': 5000.0, '洪水被害': 0, '予算': 0.0, '住民負担': 0.0, '生態系': 70.29665168933289, '森林面積': 0.0, '都市利便性': 0.0}	{'収量': 50.0, '洪水被害': 100.0, '予算': 100.0, '住民負担': 100.0, '生態系': 70.3, '森林面積': 0.0, '都市利便性': 0.0}	60.042857142857144	2025-06-18 07:21:25.784373+00:00
test57	シナリオ1	2026-2050	{'収量': 5000.0, '洪水被害': 0, '予算': 0.0, '住民負担': 0.0, '生態系': 80.17490710858878, '森林面積': 0.0, '都市利便性': 0.0}	{'収量': 50.0, '洪水被害': 100.0, '予算': 100.0, '住民負担': 100.0, '生態系': 80.2, '森林面積': 0.0, '都市利便性': 0.0}	61.457142857142856	2025-06-22 07:27:29.901850+00:00
test57	シナリオ1	2051-2075	{'収量': 4383.87713992346, '洪水被害': 61612286.007654, '予算': 200000000.0, '住民負担': 21433.58018307871, '生態系': 84.48580764048359, '森林面積': 0.0, '都市利便性': 0.0}	{'収量': 43.8, '洪水被害': 69.2, '予算': 80.0, '住民負担': 78.6, '生態系': 84.5, '森林面積': 0.0, '都市利便性': 0.0}	50.871428571428574	2025-06-22 07:28:01.257398+00:00
test57	シナリオ1	2076-2100	{'収量': 3747.4764658941967, '洪水被害': 97517353.03924732, '予算': 200000000.0, '住民負担': 20346.976139781014, '生態系': 62.818810233989076, '森林面積': 0.0, '都市利便性': 0.0}	{'収量': 37.5, '洪水被害': 51.2, '予算': 80.0, '住民負担': 79.7, '生態系': 62.8, '森林面積': 0.0, '都市利便性': 0.0}	44.457142857142856	2025-06-22 07:28:07.162298+00:00
test_20mins	シナリオ1	2026-2050	{'収量': 4999.833333333333, '洪水被害': 0, '予算': 395875000.0, '住民負担': 39587.5, '生態系': 94.99654671054464, '森林面積': 0.0, '都市利便性': 0.0}	{'収量': 50.0, '洪水被害': 100.0, '予算': 60.4, '住民負担': 60.4, '生態系': 95.0, '森林面積': 0.0, '都市利便性': 0.0}	52.25714285714286	2025-06-23 07:06:55.781434+00:00
test_20mins	シナリオ1	2051-2075	{'収量': 4235.575897461765, '洪水被害': 76409076.92049024, '予算': 631875000.0, '住民負担': 66115.50921337165, '生態系': 82.96320877043138, '森林面積': 0.0, '都市利便性': 0.0}	{'収量': 42.4, '洪水被害': 61.8, '予算': 36.8, '住民負担': 33.9, '生態系': 83.0, '森林面積': 0.0, '都市利便性': 0.0}	36.84285714285714	2025-06-23 07:07:21.087545+00:00
test_20mins	シナリオ1	2076-2100	{'収量': 4681.115264715931, '洪水被害': 31855140.19507364, '予算': 531875000.0, '住民負担': 56218.035357634544, '生態系': 74.55736962675866, '森林面積': 0.0, '都市利便性': 0.0}	{'収量': 46.8, '洪水被害': 84.1, '予算': 46.8, '住民負担': 43.8, '生態系': 74.6, '森林面積': 0.0, '都市利便性': 0.0}	42.3	2025-06-23 07:07:27.255931+00:00
tests	シナリオ1	2026-2050	{'収量': 4818.509506027726, '洪水被害': 18149049.397227377, '予算': 0.0, '住民負担': 18149.049397227376, '生態系': 99.99995, '森林面積': 0.0, '都市利便性': 100.0}	{'収量': 48.2, '洪水被害': 90.9, '予算': 100.0, '住民負担': 81.9, '生態系': 100.0, '森林面積': 0.0, '都市利便性': 100.0}	74.42857142857143	2025-06-12 15:06:50.752149+00:00
testss	シナリオ1	2026-2050	{'収量': 5000.0, '洪水被害': 0.0, '予算': 0.0, '生態系': 99.99995, '都市利便性': 0.0}	{'収量': 50.0, '洪水被害': 100.0, '予算': 100.0, '生態系': 100.0, '都市利便性': 0.0}	70.0	2025-06-11 02:30:18.623319+00:00
testss	シナリオ1	2051-2075	{'収量': -7566.399092567648, '洪水被害': 756639909.2567648, '予算': 0.0, '生態系': 99.99869999999996, '都市利便性': 0.0}	{'収量': 0.0, '洪水被害': 0.0, '予算': 100.0, '生態系': 100.0, '都市利便性': 0.0}	40.0	2025-06-11 02:30:23.033745+00:00
testss	シナリオ1	2076-2100	{'収量': -28076.68111493568, '洪水被害': 2807668111.493568, '予算': 0.0, '生態系': 99.99744999999992, '都市利便性': 0.0}	{'収量': 0.0, '洪水被害': 0.0, '予算': 100.0, '生態系': 100.0, '都市利便性': 0.0}	40.0	2025-06-11 02:30:27.295101+00:00
testy	シナリオ1	2026-2050	{'収量': 5000000.0, '洪水被害': 0.0, '予算': 0.0, '生態系': 99.99995, '都市利便性': 0.0}	{'収量': 100.0, '洪水被害': 100.0, '予算': 100.0, '生態系': 100.0, '都市利便性': 0.0}	80.0	2025-06-11 02:27:23.596547+00:00
tsd	シナリオ1	2026-2050	{'収量': 5000.0, '洪水被害': 0.0, '予算': 10000000.0, '住民負担': 1000.0, '生態系': 99.99995, '森林面積': 0.0, '都市利便性': 99.9}	{'収量': 50.0, '洪水被害': 100.0, '予算': 99.0, '住民負担': 99.0, '生態系': 100.0, '森林面積': 0.0, '都市利便性': 99.9}	78.27142857142857	2025-06-11 08:27:57.879002+00:00
tsd	シナリオ1	2051-2075	{'収量': 4302.061623650074, '洪水被害': 58344364.71035208, '予算': 10000000.0, '住民負担': 59373.98687875488, '生態系': 99.99869999999996, '森林面積': 0.0, '都市利便性': 97.32298236215271}	{'収量': 43.0, '洪水被害': 70.8, '予算': 99.0, '住民負担': 40.6, '生態系': 100.0, '森林面積': 0.0, '都市利便性': 97.3}	64.38571428571429	2025-06-11 08:28:02.691939+00:00
tsd	シナリオ1	2076-2100	{'収量': 2150.402764765377, '洪水被害': 109464591.58215448, '予算': 10000000.0, '住民負担': 110477.28341028791, '生態系': 99.99744999999992, '森林面積': 0.0, '都市利便性': 94.83527167651954}	{'収量': 21.5, '洪水被害': 45.3, '予算': 99.0, '住民負担': 0.0, '生態系': 100.0, '森林面積': 0.0, '都市利便性': 94.8}	51.51428571428572	2025-06-11 08:28:07.162774+00:00
tse	シナリオ1	2026-2050	{'収量': 5000.0, '洪水被害': 0.0, '予算': 0.0, '住民負担': 0.0, '生態系': 99.99995, '森林面積': 0.0, '都市利便性': 100.0}	{'収量': 50.0, '洪水被害': 100.0, '予算': 100.0, '住民負担': 100.0, '生態系': 100.0, '森林面積': 0.0, '都市利便性': 100.0}	78.57142857142857	2025-06-11 08:27:02.289218+00:00
tse	シナリオ1	2051-2075	{'収量': 4037.9282226985006, '洪水被害': 96207177.73014995, '予算': 0.0, '住民負担': 96207.17773014995, '生態系': 99.99869999999996, '森林面積': 0.0, '都市利便性': 100.0}	{'収量': 40.4, '洪水被害': 51.9, '予算': 100.0, '住民負担': 3.8, '生態系': 100.0, '森林面積': 0.0, '都市利便性': 100.0}	56.58571428571429	2025-06-11 08:27:09.086965+00:00
tse	シナリオ1	2076-2100	{'収量': 3051.8182883095474, '洪水被害': 66349126.28267957, '予算': 0.0, '住民負担': 66349.12628267957, '生態系': 99.99744999999992, '森林面積': 0.0, '都市利便性': 100.0}	{'収量': 30.5, '洪水被害': 66.8, '予算': 100.0, '住民負担': 33.7, '生態系': 100.0, '森林面積': 0.0, '都市利便性': 100.0}	61.57142857142857	2025-06-11 08:27:15.305148+00:00
tsf	シナリオ1	2026-2050	{'収量': 5000.0, '洪水被害': 0.0, '予算': 0.0, '住民負担': 0.0, '生態系': 99.99995, '森林面積': 0.0, '都市利便性': 100.0}	{'収量': 50.0, '洪水被害': 100.0, '予算': 100.0, '住民負担': 100.0, '生態系': 100.0, '森林面積': 0.0, '都市利便性': 100.0}	78.57142857142857	2025-06-11 08:35:09.384517+00:00
tsf	シナリオ1	2051-2075	{'収量': 4358.715134465048, '洪水被害': 64128486.55349515, '予算': 0.0, '住民負担': 64128.486553495146, '生態系': 99.99869999999996, '森林面積': 0.0, '都市利便性': 100.0}	{'収量': 43.6, '洪水被害': 67.9, '予算': 100.0, '住民負担': 35.9, '生態系': 100.0, '森林面積': 0.0, '都市利便性': 100.0}	63.91428571428571	2025-06-11 08:35:14.124400+00:00
tsf	シナリオ1	2076-2100	{'収量': 2904.1255435073417, '洪水被害': 133523724.98158872, '予算': 0.0, '住民負担': 133523.72498158872, '生態系': 99.99744999999992, '森林面積': 0.0, '都市利便性': 100.0}	{'収量': 29.0, '洪水被害': 33.2, '予算': 100.0, '住民負担': 0.0, '生態系': 100.0, '森林面積': 0.0, '都市利便性': 100.0}	51.74285714285714	2025-06-11 08:35:18.720518+00:00
wa	シナリオ1	2026-2050	{'収量': 5000.0, '洪水被害': 0.0, '予算': 0.0, '生態系': 99.995, '都市利便性': 0.0}	{'収量': 1.7, '洪水被害': -0.0, '予算': -0.0, '生態系': 100.0, '都市利便性': 0.0}	20.34	2025-05-24 01:03:41.748795+00:00
wa	シナリオ1	2051-2075	{'収量': 5000.0, '洪水被害': 0.0, '予算': 0.0, '生態系': 0.0, '都市利便性': 0.0}	{'収量': 1.7, '洪水被害': -0.0, '予算': -0.0, '生態系': 0.0, '都市利便性': 0.0}	0.3399999999999999	2025-05-24 01:03:55.055986+00:00
wa	シナリオ1	2076-2100	{'収量': 1960.7465082687931, '洪水被害': 123930975.6542941, '予算': 0.0, '生態系': 0.0, '都市利便性': 0.0}	{'収量': 0.7, '洪水被害': 62.0, '予算': -0.0, '生態系': 0.0, '都市利便性': 0.0}	12.54	2025-05-24 01:04:05.449882+00:00
wada	シナリオ1	2026-2050	{'収量': 5000.0, '洪水被害': 0.0, '予算': 231000000.0, '生態系': 99.995, '都市利便性': 0.0}	{'収量': 1.7, '洪水被害': -0.0, '予算': 0.2, '生態系': 100.0, '都市利便性': 0.0}	20.380000000000003	2025-05-23 15:29:38.635500+00:00
wada	シナリオ1	2051-2075	{'収量': 3912.960122714725, '洪水被害': 108703987.72852752, '予算': 231000000.0, '生態系': 99.87000000000012, '都市利便性': 0.0}	{'収量': 1.3, '洪水被害': 54.4, '予算': 0.2, '生態系': 99.9, '都市利便性': 0.0}	31.160000000000004	2025-05-23 15:29:42.220413+00:00
wada	シナリオ1	2076-2100	{'収量': 1184.1277811306043, '洪水被害': 181915734.8446931, '予算': 231000000.0, '生態系': 95.71563186582368, '都市利便性': 0.0}	{'収量': 0.4, '洪水被害': 91.0, '予算': 0.2, '生態系': 95.7, '都市利便性': 0.0}	37.46	2025-05-23 15:29:45.824824+00:00
watanabe	シナリオ1	2026-2050	{'収量': 4806.112566996589, '洪水被害': 19388743.300341103, '予算': 0.0, '生態系': 99.995, '都市利便性': 0.0}	{'収量': 1.6, '洪水被害': 9.7, '予算': -0.0, '生態系': 100.0, '都市利便性': 0.0}	22.26	2025-05-24 03:02:58.266456+00:00
watanabe	シナリオ1	2051-2075	{'収量': 1026.1245861609777, '洪水被害': 53464257.694052115, '予算': 0.0, '生態系': 0.0, '都市利便性': 0.0}	{'収量': 0.3, '洪水被害': 26.7, '予算': -0.0, '生態系': 0.0, '都市利便性': 0.0}	5.4	2025-05-24 03:03:08.814003+00:00
watanabe	シナリオ1	2076-2100	{'収量': -280.6421381307513, '洪水被害': 90116905.64696321, '予算': 0.0, '生態系': 0.0, '都市利便性': 0.0}	{'収量': 0.0, '洪水被害': 45.1, '予算': -0.0, '生態系': 0.0, '都市利便性': 0.0}	9.02	2025-05-24 03:03:16.759633+00:00
いがわ	シナリオ1	2026-2050	{'収量': np.float64(5000.0), '洪水被害': np.float64(0.0), '予算': np.float64(381000000.0), '生態系': np.float64(99.99995), '都市利便性': np.float64(0.0)}	{'収量': 50.0, '洪水被害': 100.0, '予算': 61.9, '生態系': 100.0, '都市利便性': 0.0}	62.38	2025-05-25 01:11:43.866895+00:00
いがわ	シナリオ1	2051-2075	{'収量': np.float64(4362.638110889634), '洪水被害': np.float64(63736188.91103662), '予算': np.float64(60000000.0), '生態系': np.float64(99.98669999999998), '都市利便性': np.float64(0.0)}	{'収量': 43.6, '洪水被害': 68.1, '予算': 94.0, '生態系': 100.0, '都市利便性': 0.0}	61.14	2025-05-25 01:14:26.268599+00:00
いがわ	シナリオ1	2076-2100	{'収量': np.float64(3360.251555753057), '洪水被害': np.float64(12807122.558517827), '予算': np.float64(155000000.0), '生態系': np.float64(99.93545000000006), '都市利便性': np.float64(54.8304421538409)}	{'収量': 33.6, '洪水被害': 93.6, '予算': 84.5, '生態系': 99.9, '都市利便性': 54.8}	73.28	2025-05-25 01:16:16.749854+00:00
うえだ	シナリオ1	2026-2050	{'収量': np.float64(4614.203887567446), '洪水被害': np.float64(38579611.24325539), '予算': np.float64(200000000.0), '生態系': np.float64(99.99995), '都市利便性': np.float64(0.0)}	{'収量': 46.1, '洪水被害': 80.7, '予算': 80.0, '生態系': 100.0, '都市利便性': 0.0}	61.36	2025-05-25 02:00:21.523324+00:00
うえだ	シナリオ1	2051-2075	{'収量': np.float64(4285.792914506982), '洪水被害': np.float64(71404041.88263512), '予算': np.float64(286000000.0), '生態系': np.float64(99.98469999999999), '都市利便性': np.float64(2.096652689683765)}	{'収量': 42.9, '洪水被害': 64.3, '予算': 71.4, '生態系': 100.0, '都市利便性': 2.1}	56.14000000000001	2025-05-25 02:02:52.978718+00:00
うえだ	シナリオ1	2076-2100	{'収量': np.float64(3982.87362229911), '洪水被害': np.float64(101712637.770089), '予算': np.float64(205000000.0), '生態系': np.float64(99.93345000000006), '都市利便性': np.float64(0.0)}	{'収量': 39.8, '洪水被害': 49.1, '予算': 79.5, '生態系': 99.9, '都市利便性': 0.0}	53.66	2025-05-25 02:05:13.633474+00:00
うどんは芸術に等しい	シナリオ1	2026-2050	{'収量': np.float64(5000.0), '洪水被害': np.float64(0.0), '予算': np.float64(286000000.0), '生態系': np.float64(99.99995), '都市利便性': np.float64(4.987536223527768)}	{'収量': 50.0, '洪水被害': 100.0, '予算': 71.4, '生態系': 100.0, '都市利便性': 5.0}	65.28	2025-05-25 01:46:30.175540+00:00
うどんは芸術に等しい	シナリオ1	2051-2075	{'収量': np.float64(3844.5530834163724), '洪水被害': np.float64(35397132.03776869), '予算': np.float64(60000000.0), '生態系': np.float64(79.74187348315733), '都市利便性': np.float64(32.27485081326234)}	{'収量': 38.4, '洪水被害': 82.3, '予算': 94.0, '生態系': 79.7, '都市利便性': 32.3}	65.34	2025-05-25 01:48:49.760604+00:00
うどんは芸術に等しい	シナリオ1	2076-2100	{'収量': np.float64(2060.6072759193435), '洪水被害': np.float64(97963217.175044), '予算': np.float64(381000000.0), '生態系': np.float64(70.72553163119031), '都市利便性': np.float64(0.0)}	{'収量': 20.6, '洪水被害': 51.0, '予算': 61.9, '生態系': 70.7, '都市利便性': 0.0}	40.84	2025-05-25 01:50:47.049004+00:00
かな	シナリオ1	2026-2050	{'収量': np.float64(4999.833333333333), '洪水被害': np.float64(0.0), '予算': np.float64(60000000.0), '生態系': np.float64(99.99995), '都市利便性': np.float64(0.0)}	{'収量': 50.0, '洪水被害': 100.0, '予算': 94.0, '生態系': 100.0, '都市利便性': 0.0}	68.8	2025-05-25 05:34:20.980024+00:00
かな	シナリオ1	2051-2075	{'収量': np.float64(4455.452054995518), '洪水被害': np.float64(54454794.500448234), '予算': np.float64(381000000.0), '生態系': np.float64(99.99869999999996), '都市利便性': np.float64(0.0)}	{'収量': 44.6, '洪水被害': 72.8, '予算': 61.9, '生態系': 100.0, '都市利便性': 0.0}	55.86	2025-05-25 05:35:41.089611+00:00
かな	シナリオ1	2076-2100	{'収量': np.float64(4331.031796134351), '洪水被害': np.float64(66880153.71989822), '予算': np.float64(110000000.0), '生態系': np.float64(99.98544999999994), '都市利便性': np.float64(0.7496369372380229)}	{'収量': 43.3, '洪水被害': 66.6, '予算': 89.0, '生態系': 100.0, '都市利便性': 0.7}	59.92	2025-05-25 05:36:55.531452+00:00
きっぺい	シナリオ1	2026-2050	{'収量': np.float64(5000.0), '洪水被害': np.float64(0.0), '予算': np.float64(572000000.0), '生態系': np.float64(99.99995), '都市利便性': np.float64(0.0)}	{'収量': 50.0, '洪水被害': 100.0, '予算': 42.8, '生態系': 100.0, '都市利便性': 0.0}	58.56	2025-05-25 03:53:05.799723+00:00
きっぺい	シナリオ1	2051-2075	{'収量': np.float64(4112.775867853865), '洪水被害': np.float64(88722413.21461348), '予算': np.float64(310000000.0), '生態系': np.float64(99.99869999999996), '都市利便性': np.float64(0.0)}	{'収量': 41.1, '洪水被害': 55.6, '予算': 69.0, '生態系': 100.0, '都市利便性': 0.0}	53.14	2025-05-25 03:54:37.835930+00:00
きっぺい	シナリオ1	2076-2100	{'収量': np.float64(3021.7073019471763), '洪水被害': np.float64(4226766.53561327), '予算': np.float64(310000000.0), '生態系': np.float64(80.88263446665238), '都市利便性': np.float64(100.0)}	{'収量': 30.2, '洪水被害': 97.9, '予算': 69.0, '生態系': 80.9, '都市利便性': 100.0}	75.6	2025-05-25 03:55:49.201230+00:00
こういち	シナリオ1	2026-2050	{'収量': np.float64(5000.0), '洪水被害': np.float64(0.0), '予算': np.float64(286000000.0), '生態系': np.float64(99.99995), '都市利便性': np.float64(0.0)}	{'収量': 50.0, '洪水被害': 100.0, '予算': 71.4, '生態系': 100.0, '都市利便性': 0.0}	64.28	2025-05-25 06:09:19.124123+00:00
こういち	シナリオ1	2051-2075	{'収量': np.float64(4899.715932538673), '洪水被害': np.float64(10028406.746132731), '予算': np.float64(55000000.0), '生態系': np.float64(99.99869999999996), '都市利便性': np.float64(0.0)}	{'収量': 49.0, '洪水被害': 95.0, '予算': 94.5, '生態系': 100.0, '都市利便性': 0.0}	67.7	2025-05-25 06:11:41.800200+00:00
こういち	シナリオ1	2076-2100	{'収量': np.float64(3234.6736192931094), '洪水被害': np.float64(5727874.7034572195), '予算': np.float64(155000000.0), '生態系': np.float64(67.24954139064599), '都市利便性': np.float64(62.73473539527107)}	{'収量': 32.3, '洪水被害': 97.1, '予算': 84.5, '生態系': 67.2, '都市利便性': 62.7}	68.75999999999999	2025-05-25 06:14:38.555136+00:00
こうき	シナリオ1	2026-2050	{'収量': np.float64(4999.833333333333), '洪水被害': np.float64(0.0), '予算': np.float64(472000000.0), '生態系': np.float64(99.995), '都市利便性': np.float64(0.0)}	{'収量': 1.7, '洪水被害': -0.0, '予算': 0.5, '生態系': 100.0, '都市利便性': 0.0}	20.44	2025-05-24 04:00:57.964676+00:00
こうき	シナリオ1	2051-2075	{'収量': np.float64(4835.64139010437), '洪水被害': np.float64(0.0), '予算': np.float64(522000000.0), '生態系': np.float64(92.85679242652802), '都市利便性': np.float64(0.0)}	{'収量': 1.6, '洪水被害': -0.0, '予算': 0.5, '生態系': 92.9, '都市利便性': 0.0}	19.0	2025-05-24 04:02:33.619564+00:00
こうき	シナリオ1	2076-2100	{'収量': np.float64(4563.50410292036), '洪水被害': np.float64(43632923.04129732), '予算': np.float64(572000000.0), '生態系': np.float64(92.73179242652813), '都市利便性': np.float64(17.882091607063444)}	{'収量': 1.5, '洪水被害': 21.8, '予算': 0.6, '生態系': 92.7, '都市利便性': 17.9}	26.9	2025-05-24 04:03:30.301984+00:00
こっしー	シナリオ1	2026-2050	{'収量': np.float64(5000.0), '洪水被害': np.float64(0.0), '予算': np.float64(381000000.0), '生態系': np.float64(99.99995), '都市利便性': np.float64(0.0)}	{'収量': 50.0, '洪水被害': 100.0, '予算': 61.9, '生態系': 100.0, '都市利便性': 0.0}	62.38	2025-05-25 02:27:27.932719+00:00
こっしー	シナリオ1	2051-2075	{'収量': np.float64(4473.073956947767), '洪水被害': np.float64(52692604.30522328), '予算': np.float64(10000000.0), '生態系': np.float64(99.98669999999998), '都市利便性': np.float64(0.0)}	{'収量': 44.7, '洪水被害': 73.7, '予算': 99.0, '生態系': 100.0, '都市利便性': 0.0}	63.48	2025-05-25 02:32:40.270301+00:00
こっしー	シナリオ1	2076-2100	{'収量': np.float64(4950.065826622276), '洪水被害': np.float64(4993417.337772378), '予算': np.float64(110000000.0), '生態系': np.float64(99.93545000000006), '都市利便性': np.float64(4.821202207530198)}	{'収量': 49.5, '洪水被害': 97.5, '予算': 89.0, '生態系': 99.9, '都市利便性': 4.8}	68.14	2025-05-25 02:35:30.001444+00:00
さいとう	シナリオ1	2026-2050	{'収量': np.float64(5000.0), '洪水被害': np.float64(0.0), '予算': np.float64(331000000.0), '生態系': np.float64(99.995), '都市利便性': np.float64(0.0)}	{'収量': 1.7, '洪水被害': -0.0, '予算': 0.3, '生態系': 100.0, '都市利便性': 0.0}	20.4	2025-05-24 03:54:51.424204+00:00
さいとう	シナリオ1	2051-2075	{'収量': np.float64(4854.572698019865), '洪水被害': np.float64(14542730.198013447), '予算': np.float64(381000000.0), '生態系': np.float64(58.7340503126939), '都市利便性': np.float64(51.401107173175035)}	{'収量': 1.6, '洪水被害': 7.3, '予算': 0.4, '生態系': 58.7, '都市利便性': 51.4}	23.880000000000003	2025-05-24 03:56:42.923284+00:00
さいとう	シナリオ1	2076-2100	{'収量': np.float64(2427.0871825283166), '洪水被害': np.float64(125455294.8993128), '予算': np.float64(381000000.0), '生態系': np.float64(0.0), '都市利便性': np.float64(0.0)}	{'収量': 0.8, '洪水被害': 62.7, '予算': 0.4, '生態系': 0.0, '都市利便性': 0.0}	12.78	2025-05-24 03:56:59.031184+00:00
さかたりお	シナリオ1	2026-2050	{'収量': np.float64(4999.833333333333), '洪水被害': np.float64(0.0), '予算': np.float64(110000000.0), '生態系': np.float64(99.99995), '都市利便性': np.float64(0.0)}	{'収量': 50.0, '洪水被害': 100.0, '予算': 89.0, '生態系': 100.0, '都市利便性': 0.0}	67.8	2025-05-25 03:23:55.079346+00:00
さかたりお	シナリオ1	2051-2075	{'収量': np.float64(2456.337696187712), '洪水被害': np.float64(41337046.28547136), '予算': np.float64(210000000.0), '生態系': np.float64(74.3393801863032), '都市利便性': np.float64(0.0)}	{'収量': 24.6, '洪水被害': 79.3, '予算': 79.0, '生態系': 74.3, '都市利便性': 0.0}	51.44	2025-05-25 03:25:03.156072+00:00
さかたりお	シナリオ1	2076-2100	{'収量': np.float64(2585.6559115204254), '洪水被害': np.float64(65791323.87889803), '予算': np.float64(210000000.0), '生態系': np.float64(35.239482193365504), '都市利便性': np.float64(0.0)}	{'収量': 25.9, '洪水被害': 67.1, '予算': 79.0, '生態系': 35.2, '都市利便性': 0.0}	41.44	2025-05-25 03:27:08.308874+00:00
さくら	シナリオ1	2026-2050	{'収量': np.float64(5000.0), '洪水被害': np.float64(0.0), '予算': np.float64(336000000.0), '生態系': np.float64(99.99995), '都市利便性': np.float64(0.0)}	{'収量': 50.0, '洪水被害': 100.0, '予算': 66.4, '生態系': 100.0, '都市利便性': 0.0}	63.28	2025-05-25 06:54:56.141415+00:00
さくら	シナリオ1	2051-2075	{'収量': np.float64(4073.517949052043), '洪水被害': np.float64(71385773.9046316), '予算': np.float64(105000000.0), '生態系': np.float64(99.98669999999998), '都市利便性': np.float64(0.0)}	{'収量': 40.7, '洪水被害': 64.3, '予算': 89.5, '生態系': 100.0, '都市利便性': 0.0}	58.9	2025-05-25 06:57:07.223962+00:00
さくら	シナリオ1	2076-2100	{'収量': np.float64(3643.0299667738846), '洪水被害': np.float64(82712224.48215766), '予算': np.float64(336000000.0), '生態系': np.float64(99.93545000000006), '都市利便性': np.float64(0.0)}	{'収量': 36.4, '洪水被害': 58.6, '予算': 66.4, '生態系': 99.9, '都市利便性': 0.0}	52.260000000000005	2025-05-25 06:58:46.496568+00:00
しょうた	シナリオ1	2026-2050	{'収量': np.float64(4812.1231990664), '洪水被害': np.float64(18771013.4266933), '予算': np.float64(286000000.0), '生態系': np.float64(99.99995), '都市利便性': np.float64(0.0)}	{'収量': 48.1, '洪水被害': 90.6, '予算': 71.4, '生態系': 100.0, '都市利便性': 0.0}	62.02	2025-05-25 04:32:38.506598+00:00
しょうた	シナリオ1	2051-2075	{'収量': np.float64(4425.347537765289), '洪水被害': np.float64(57465246.22347104), '予算': np.float64(155000000.0), '生態系': np.float64(99.99869999999996), '都市利便性': np.float64(0.0)}	{'収量': 44.3, '洪水被害': 71.3, '予算': 84.5, '生態系': 100.0, '都市利便性': 0.0}	60.02	2025-05-25 04:35:05.302469+00:00
しょうた	シナリオ1	2076-2100	{'収量': np.float64(2991.302518409836), '洪水被害': np.float64(79507382.06355128), '予算': np.float64(205000000.0), '生態系': np.float64(99.98344999999995), '都市利便性': np.float64(0.0)}	{'収量': 29.9, '洪水被害': 60.2, '予算': 79.5, '生態系': 100.0, '都市利便性': 0.0}	53.92	2025-05-25 04:36:25.529882+00:00
じん	シナリオ1	2026-2050	{'収量': np.float64(4800.859178127081), '洪水被害': np.float64(19897415.520625204), '予算': np.float64(286000000.0), '生態系': np.float64(99.99995), '都市利便性': np.float64(0.0)}	{'収量': 48.0, '洪水被害': 90.1, '予算': 71.4, '生態系': 100.0, '都市利便性': 0.0}	61.9	2025-05-25 05:51:45.646685+00:00
じん	シナリオ1	2051-2075	{'収量': np.float64(4142.982338547655), '洪水被害': np.float64(65847235.62927313), '予算': np.float64(381000000.0), '生態系': np.float64(99.99869999999996), '都市利便性': np.float64(2.6534589430457487)}	{'収量': 41.4, '洪水被害': 67.1, '予算': 61.9, '生態系': 100.0, '都市利便性': 2.7}	54.61999999999999	2025-05-25 05:53:26.925642+00:00
じん	シナリオ1	2076-2100	{'収量': np.float64(1344.525364631903), '洪水被害': np.float64(83173304.78755006), '予算': np.float64(50000000.0), '生態系': np.float64(88.70489012878276), '都市利便性': np.float64(0.0)}	{'収量': 13.4, '洪水被害': 58.4, '予算': 95.0, '生態系': 88.7, '都市利便性': 0.0}	51.1	2025-05-25 05:54:29.100310+00:00
ぜん	シナリオ1	2026-2050	{'収量': np.float64(5000.0), '洪水被害': np.float64(0.0), '予算': np.float64(241000000.0), '生態系': np.float64(99.995), '都市利便性': np.float64(0.0)}	{'収量': 1.7, '洪水被害': -0.0, '予算': 0.2, '生態系': 100.0, '都市利便性': 0.0}	20.380000000000003	2025-05-24 05:12:43.779167+00:00
ぜん	シナリオ1	2051-2075	{'収量': np.float64(3350.2157097499385), '洪水被害': np.float64(12573532.24203191), '予算': np.float64(281000000.0), '生態系': np.float64(0.0), '都市利便性': np.float64(0.0)}	{'収量': 1.1, '洪水被害': 6.3, '予算': 0.3, '生態系': 0.0, '都市利便性': 0.0}	1.54	2025-05-24 05:17:38.564117+00:00
ぜん	シナリオ1	2076-2100	{'収量': np.float64(2844.134791623858), '洪水被害': np.float64(25003083.481145818), '予算': np.float64(682000000.0), '生態系': np.float64(0.0), '都市利便性': np.float64(42.918525249663794)}	{'収量': 0.9, '洪水被害': 12.5, '予算': 0.7, '生態系': 0.0, '都市利便性': 42.9}	11.4	2025-05-24 05:22:36.486598+00:00
そうすけ	シナリオ1	2026-2050	{'収量': np.float64(5000.0), '洪水被害': np.float64(0.0), '予算': np.float64(60000000.0), '生態系': np.float64(99.99995), '都市利便性': np.float64(4.987511557773017)}	{'収量': 50.0, '洪水被害': 100.0, '予算': 94.0, '生態系': 100.0, '都市利便性': 5.0}	69.8	2025-05-25 06:43:15.083151+00:00
そうすけ	シナリオ1	2051-2075	{'収量': np.float64(4527.23607477202), '洪水被害': np.float64(5416064.828072401), '予算': np.float64(286000000.0), '生態系': np.float64(99.99869999999996), '都市利便性': np.float64(62.24353600734377)}	{'収量': 45.3, '洪水被害': 97.3, '予算': 71.4, '生態系': 100.0, '都市利便性': 62.2}	75.24	2025-05-25 06:44:41.759673+00:00
そうすけ	シナリオ1	2076-2100	{'収量': np.float64(3999.8354343047454), '洪水被害': np.float64(68523194.63091485), '予算': np.float64(155000000.0), '生態系': np.float64(97.84396712168873), '都市利便性': np.float64(0.0)}	{'収量': 40.0, '洪水被害': 65.7, '予算': 84.5, '生態系': 97.8, '都市利便性': 0.0}	57.6	2025-05-25 06:46:06.487736+00:00
たてき	シナリオ1	2026-2050	{'収量': np.float64(4804.587907190748), '洪水被害': np.float64(19541209.28092517), '予算': np.float64(381000000.0), '生態系': np.float64(99.99995), '都市利便性': np.float64(0.0)}	{'収量': 48.0, '洪水被害': 90.2, '予算': 61.9, '生態系': 100.0, '都市利便性': 0.0}	60.02	2025-05-25 01:24:28.432661+00:00
たてき	シナリオ1	2051-2075	{'収量': np.float64(4612.4072334232615), '洪水被害': np.float64(38759276.65767381), '予算': np.float64(60000000.0), '生態系': np.float64(99.98469999999999), '都市利便性': np.float64(0.0)}	{'収量': 46.1, '洪水被害': 80.6, '予算': 94.0, '生態系': 100.0, '都市利便性': 0.0}	64.14	2025-05-25 01:25:06.583269+00:00
たてき	シナリオ1	2076-2100	{'収量': np.float64(4570.071003163684), '洪水被害': np.float64(34987011.1845535), '予算': np.float64(286000000.0), '生態系': np.float64(99.93345000000006), '都市利便性': np.float64(32.67800962398633)}	{'収量': 45.7, '洪水被害': 82.5, '予算': 71.4, '生態系': 99.9, '都市利便性': 32.7}	66.44	2025-05-25 01:27:13.766572+00:00
はまだ	シナリオ1	2026-2050	{'収量': np.float64(5000.0), '洪水被害': np.float64(0.0), '予算': np.float64(512000000.0), '生態系': np.float64(99.99995), '都市利便性': np.float64(0.0)}	{'収量': 50.0, '洪水被害': 100.0, '予算': 48.8, '生態系': 100.0, '都市利便性': 0.0}	59.760000000000005	2025-05-25 02:40:31.528454+00:00
はまだ	シナリオ1	2051-2075	{'収量': np.float64(4601.081053843815), '洪水被害': np.float64(39891894.61561848), '予算': np.float64(55000000.0), '生態系': np.float64(99.99869999999996), '都市利便性': np.float64(0.0)}	{'収量': 46.0, '洪水被害': 80.1, '予算': 94.5, '生態系': 100.0, '都市利便性': 0.0}	64.12	2025-05-25 02:42:18.117994+00:00
はまだ	シナリオ1	2076-2100	{'収量': np.float64(3943.4484653193567), '洪水被害': np.float64(93570403.70126796), '予算': np.float64(110000000.0), '生態系': np.float64(99.99744999999992), '都市利便性': np.float64(0.0)}	{'収量': 39.4, '洪水被害': 53.2, '予算': 89.0, '生態系': 100.0, '都市利便性': 0.0}	56.32000000000001	2025-05-25 02:44:20.121232+00:00
はるか	シナリオ1	2026-2050	{'収量': np.float64(5000.0), '洪水被害': np.float64(0.0), '予算': np.float64(155000000.0), '生態系': np.float64(99.99995), '都市利便性': np.float64(0.0)}	{'収量': 50.0, '洪水被害': 100.0, '予算': 84.5, '生態系': 100.0, '都市利便性': 0.0}	66.9	2025-05-25 04:04:38.803021+00:00
はるか	シナリオ1	2051-2075	{'収量': np.float64(5000.0), '洪水被害': np.float64(0.0), '予算': np.float64(60000000.0), '生態系': np.float64(99.98469999999999), '都市利便性': np.float64(4.792945153511476)}	{'収量': 50.0, '洪水被害': 100.0, '予算': 94.0, '生態系': 100.0, '都市利便性': 4.8}	69.76	2025-05-25 04:06:16.202790+00:00
はるか	シナリオ1	2076-2100	{'収量': np.float64(3411.421815582649), '洪水被害': np.float64(30463283.663851697), '予算': np.float64(350000000.0), '生態系': np.float64(98.12051055479131), '都市利便性': np.float64(46.06407882231204)}	{'収量': 34.1, '洪水被害': 84.8, '予算': 65.0, '生態系': 98.1, '都市利便性': 46.1}	65.62	2025-05-25 04:08:58.969116+00:00
はると	シナリオ1	2026-2050	{'収量': np.float64(4999.833333333333), '洪水被害': np.float64(0.0), '予算': np.float64(110000000.0), '生態系': np.float64(99.995), '都市利便性': np.float64(0.0)}	{'収量': 1.7, '洪水被害': -0.0, '予算': 0.1, '生態系': 100.0, '都市利便性': 0.0}	20.36	2025-05-24 04:11:57.029356+00:00
はると	シナリオ1	2051-2075	{'収量': np.float64(4049.5360215612313), '洪水被害': np.float64(18515632.072425034), '予算': np.float64(622000000.0), '生態系': np.float64(0.0), '都市利便性': np.float64(0.0)}	{'収量': 1.3, '洪水被害': 9.3, '予算': 0.6, '生態系': 0.0, '都市利便性': 0.0}	2.24	2025-05-24 04:14:49.477827+00:00
はると	シナリオ1	2076-2100	{'収量': np.float64(3971.8087474804424), '洪水被害': np.float64(20513267.101488523), '予算': np.float64(5000000.0), '生態系': np.float64(0.0), '都市利便性': np.float64(0.0)}	{'収量': 1.3, '洪水被害': 10.3, '予算': 0.0, '生態系': 0.0, '都市利便性': 0.0}	2.3200000000000003	2025-05-24 04:16:07.916992+00:00
ひさし2	シナリオ1	2026-2050	{'収量': np.float64(5000.0), '洪水被害': np.float64(0.0), '予算': np.float64(436000000.0), '生態系': np.float64(99.995), '都市利便性': np.float64(9.995009114168525)}	{'収量': 1.7, '洪水被害': -0.0, '予算': 0.4, '生態系': 100.0, '都市利便性': 10.0}	22.42	2025-05-24 04:59:00.629511+00:00
ひさし2	シナリオ1	2051-2075	{'収量': np.float64(2098.0889955397543), '洪水被害': np.float64(38909092.43138512), '予算': np.float64(572000000.0), '生態系': np.float64(0.0), '都市利便性': np.float64(100.0)}	{'収量': 0.7, '洪水被害': 19.5, '予算': 0.6, '生態系': 0.0, '都市利便性': 100.0}	24.16	2025-05-24 05:00:15.103444+00:00
ひさし2	シナリオ1	2076-2100	{'収量': np.float64(2805.580737631606), '洪水被害': np.float64(18224079.580741026), '予算': np.float64(677000000.0), '生態系': np.float64(0.0), '都市利便性': np.float64(100.0)}	{'収量': 0.9, '洪水被害': 9.1, '予算': 0.7, '生態系': 0.0, '都市利便性': 100.0}	22.14	2025-05-24 05:02:41.627034+00:00
ふっちー	シナリオ1	2026-2050	{'収量': np.float64(4838.664144913694), '洪水被害': np.float64(16116918.841963908), '予算': np.float64(155000000.0), '生態系': np.float64(99.99995), '都市利便性': np.float64(0.0)}	{'収量': 48.4, '洪水被害': 91.9, '予算': 84.5, '生態系': 100.0, '都市利便性': 0.0}	64.96000000000001	2025-05-25 05:14:17.141245+00:00
ふっちー	シナリオ1	2051-2075	{'収量': np.float64(4322.0608207842715), '洪水被害': np.float64(67793917.92157286), '予算': np.float64(286000000.0), '生態系': np.float64(99.90430494244109), '都市利便性': np.float64(0.0)}	{'収量': 43.2, '洪水被害': 66.1, '予算': 71.4, '生態系': 99.9, '都市利便性': 0.0}	56.120000000000005	2025-05-25 05:15:40.214920+00:00
ふっちー	シナリオ1	2076-2100	{'収量': np.float64(3659.1183400989476), '洪水被害': np.float64(107562751.94073012), '予算': np.float64(155000000.0), '生態系': np.float64(99.85305494244116), '都市利便性': np.float64(0.0)}	{'収量': 36.6, '洪水被害': 46.2, '予算': 84.5, '生態系': 99.9, '都市利便性': 0.0}	53.44000000000001	2025-05-25 05:17:02.067622+00:00
まなと	シナリオ1	2026-2050	{'収量': np.float64(5000.0), '洪水被害': np.float64(0.0), '予算': np.float64(386000000.0), '生態系': np.float64(99.995), '都市利便性': np.float64(4.997506436140505)}	{'収量': 1.7, '洪水被害': -0.0, '予算': 0.4, '生態系': 100.0, '都市利便性': 5.0}	21.42	2025-05-24 05:58:34.022689+00:00
まなと	シナリオ1	2051-2075	{'収量': np.float64(2983.491116899856), '洪水被害': np.float64(90932702.83206832), '予算': np.float64(667000000.0), '生態系': np.float64(0.0), '都市利便性': np.float64(0.0)}	{'収量': 1.0, '洪水被害': 45.5, '予算': 0.7, '生態系': 0.0, '都市利便性': 0.0}	9.44	2025-05-24 06:00:11.609488+00:00
まなと	シナリオ1	2076-2100	{'収量': np.float64(2881.6218359583117), '洪水被害': np.float64(99535899.04376504), '予算': np.float64(577000000.0), '生態系': np.float64(0.0), '都市利便性': np.float64(0.0)}	{'収量': 1.0, '洪水被害': 49.8, '予算': 0.6, '生態系': 0.0, '都市利便性': 0.0}	10.28	2025-05-24 06:04:45.647109+00:00
もりや	シナリオ1	2026-2050	{'収量': np.float64(5000.0), '洪水被害': np.float64(0.0), '予算': np.float64(60000000.0), '生態系': np.float64(99.99995), '都市利便性': np.float64(4.987489027146478)}	{'収量': 50.0, '洪水被害': 100.0, '予算': 94.0, '生態系': 100.0, '都市利便性': 5.0}	69.8	2025-05-25 03:15:39.903230+00:00
もりや	シナリオ1	2051-2075	{'収量': np.float64(3901.5639703067027), '洪水被害': np.float64(11212842.103165826), '予算': np.float64(381000000.0), '生態系': np.float64(90.74379018638662), '都市利便性': np.float64(56.50983408648398)}	{'収量': 39.0, '洪水被害': 94.4, '予算': 61.9, '生態系': 90.7, '都市利便性': 56.5}	68.5	2025-05-25 03:17:45.461637+00:00
もりや	シナリオ1	2076-2100	{'収量': np.float64(3965.9214659287018), '洪水被害': np.float64(103407853.4071298), '予算': np.float64(155000000.0), '生態系': np.float64(71.59102972072826), '都市利便性': np.float64(0.0)}	{'収量': 39.7, '洪水被害': 48.3, '予算': 84.5, '生態系': 71.6, '都市利便性': 0.0}	48.82	2025-05-25 03:19:09.703469+00:00
ゆうご	シナリオ1	2026-2050	{'収量': np.float64(5000.0), '洪水被害': np.float64(0.0), '予算': np.float64(250000000.0), '生態系': np.float64(99.99995), '都市利便性': np.float64(4.99)}	{'収量': 50.0, '洪水被害': 100.0, '予算': 75.0, '生態系': 100.0, '都市利便性': 5.0}	66.0	2025-05-25 07:33:19.288432+00:00
ゆうご	シナリオ1	2051-2075	{'収量': np.float64(3874.2807986973626), '洪水被害': np.float64(64744961.46801044), '予算': np.float64(331000000.0), '生態系': np.float64(99.95469999999997), '都市利便性': np.float64(8.755733104308433)}	{'収量': 38.7, '洪水被害': 67.6, '予算': 66.9, '生態系': 100.0, '都市利便性': 8.8}	56.4	2025-05-25 07:36:42.509327+00:00
ゆうご	シナリオ1	2076-2100	{'収量': np.float64(3690.803257445148), '洪水被害': np.float64(60932489.10522096), '予算': np.float64(105000000.0), '生態系': np.float64(99.85344999999981), '都市利便性': np.float64(31.572357788793724)}	{'収量': 36.9, '洪水被害': 69.5, '予算': 89.5, '生態系': 99.9, '都市利便性': 31.6}	65.48	2025-05-25 07:38:42.000372+00:00
ゆうや	シナリオ1	2026-2050	{'収量': np.float64(4789.807723671698), '洪水被害': np.float64(21002560.96616347), '予算': np.float64(15000000.0), '生態系': np.float64(99.99995), '都市利便性': np.float64(0.0)}	{'収量': 47.9, '洪水被害': 89.5, '予算': 98.5, '生態系': 100.0, '都市利便性': 0.0}	67.17999999999999	2025-05-25 07:18:19.359807+00:00
ゆうや	シナリオ1	2051-2075	{'収量': np.float64(3507.404480161794), '洪水被害': np.float64(29388177.95248371), '予算': np.float64(331000000.0), '生態系': np.float64(78.80401750360294), '都市利便性': np.float64(0.0)}	{'収量': 35.1, '洪水被害': 85.3, '予算': 66.9, '生態系': 78.8, '都市利便性': 0.0}	53.220000000000006	2025-05-25 07:20:48.654760+00:00
ゆうや	シナリオ1	2076-2100	{'収量': np.float64(4158.607282916772), '洪水被害': np.float64(72098015.96216094), '予算': np.float64(336000000.0), '生態系': np.float64(60.819955043530264), '都市利便性': np.float64(0.0)}	{'収量': 41.6, '洪水被害': 64.0, '予算': 66.4, '生態系': 60.8, '都市利便性': 0.0}	46.56	2025-05-25 07:22:38.916613+00:00
ゆきち	シナリオ1	2026-2050	{'収量': np.float64(4999.833333333333), '洪水被害': np.float64(0.0), '予算': np.float64(472000000.0), '生態系': np.float64(99.99995), '都市利便性': np.float64(0.0)}	{'収量': 50.0, '洪水被害': 100.0, '予算': 52.8, '生態系': 100.0, '都市利便性': 0.0}	60.56	2025-05-25 06:00:28.336525+00:00
ゆきち	シナリオ1	2051-2075	{'収量': np.float64(4616.404735460428), '洪水被害': np.float64(9375971.64405008), '予算': np.float64(160000000.0), '生態系': np.float64(99.99869999999996), '都市利便性': np.float64(0.0)}	{'収量': 46.2, '洪水被害': 95.3, '予算': 84.0, '生態系': 100.0, '都市利便性': 0.0}	65.1	2025-05-25 06:02:43.316082+00:00
ゆきち	シナリオ1	2076-2100	{'収量': np.float64(2743.5068714474037), '洪水被害': np.float64(11656950.148021886), '予算': np.float64(572000000.0), '生態系': np.float64(99.98544999999994), '都市利便性': np.float64(55.98996371393924)}	{'収量': 27.4, '洪水被害': 94.2, '予算': 42.8, '生態系': 100.0, '都市利便性': 56.0}	64.08	2025-05-25 06:03:52.828726+00:00
ゆきひら	シナリオ1	2026-2050	{'収量': np.float64(5000.0), '洪水被害': np.float64(0.0), '予算': np.float64(200000000.0), '生態系': np.float64(99.99995), '都市利便性': np.float64(4.99)}	{'収量': 50.0, '洪水被害': 100.0, '予算': 80.0, '生態系': 100.0, '都市利便性': 5.0}	67.0	2025-05-25 05:42:53.637737+00:00
ゆきひら	シナリオ1	2051-2075	{'収量': np.float64(4694.423977386065), '洪水被害': np.float64(30557602.261393424), '予算': np.float64(210000000.0), '生態系': np.float64(99.98669999999998), '都市利便性': np.float64(42.907233129202254)}	{'収量': 46.9, '洪水被害': 84.7, '予算': 79.0, '生態系': 100.0, '都市利便性': 42.9}	70.7	2025-05-25 05:44:15.873435+00:00
ゆきひら	シナリオ1	2076-2100	{'収量': np.float64(4749.468730547815), '洪水被害': np.float64(25036460.27855187), '予算': np.float64(546000000.0), '生態系': np.float64(99.91344999999995), '都市利便性': np.float64(66.28592443245154)}	{'収量': 47.5, '洪水被害': 87.5, '予算': 45.4, '生態系': 99.9, '都市利便性': 66.3}	69.32000000000001	2025-05-25 05:45:16.489200+00:00
りぶうい	シナリオ1	2026-2050	{'収量': np.float64(4999.833333333333), '洪水被害': np.float64(0.0), '予算': np.float64(336000000.0), '生態系': np.float64(99.995), '都市利便性': np.float64(0.0)}	{'収量': 1.7, '洪水被害': -0.0, '予算': 0.3, '生態系': 100.0, '都市利便性': 0.0}	20.4	2025-05-24 04:35:13.397394+00:00
りぶうい	シナリオ1	2051-2075	{'収量': np.float64(2560.8165251479545), '洪水被害': np.float64(34723004.836967714), '予算': np.float64(622000000.0), '生態系': np.float64(12.808364214611288), '都市利便性': np.float64(0.0)}	{'収量': 0.9, '洪水被害': 17.4, '予算': 0.6, '生態系': 12.8, '都市利便性': 0.0}	6.34	2025-05-24 04:39:39.195781+00:00
りぶうい	シナリオ1	2076-2100	{'収量': np.float64(1173.8792742503397), '洪水被害': np.float64(17278959.150741614), '予算': np.float64(401000000.0), '生態系': np.float64(0.0), '都市利便性': np.float64(79.7379633689547)}	{'収量': 0.4, '洪水被害': 8.6, '予算': 0.4, '生態系': 0.0, '都市利便性': 79.7}	17.82	2025-05-24 04:44:40.792878+00:00
りょうた	シナリオ1	2026-2050	{'収量': np.float64(4999.833333333333), '洪水被害': np.float64(0.0), '予算': np.float64(241000000.0), '生態系': np.float64(99.99995), '都市利便性': np.float64(0.0)}	{'収量': 50.0, '洪水被害': 100.0, '予算': 75.9, '生態系': 100.0, '都市利便性': 0.0}	65.17999999999999	2025-05-25 00:22:50.902633+00:00
りょうた	シナリオ1	2051-2075	{'収量': np.float64(4694.4722301333895), '洪水被害': np.float64(10892017.83004344), '予算': np.float64(105000000.0), '生態系': np.float64(99.99869999999996), '都市利便性': np.float64(0.0)}	{'収量': 46.9, '洪水被害': 94.6, '予算': 89.5, '生態系': 100.0, '都市利便性': 0.0}	66.2	2025-05-25 00:24:27.708833+00:00
りょうた	シナリオ1	2076-2100	{'収量': np.float64(1217.2643068050834), '洪水被害': np.float64(124516750.79537831), '予算': np.float64(286000000.0), '生態系': np.float64(97.3447075257128), '都市利便性': np.float64(0.0)}	{'収量': 12.2, '洪水被害': 37.7, '予算': 71.4, '生態系': 97.3, '都市利便性': 0.0}	43.720000000000006	2025-05-25 00:27:32.239625+00:00
りょうた２２	シナリオ1	2026-2050	{'収量': np.float64(5000.0), '洪水被害': np.float64(0.0), '予算': np.float64(100000000.0), '生態系': np.float64(99.99995), '都市利便性': np.float64(10.0)}	{'収量': 50.0, '洪水被害': 100.0, '予算': 90.0, '生態系': 100.0, '都市利便性': 10.0}	70.0	2025-05-25 00:29:27.845834+00:00
りょうた２２	シナリオ1	2051-2075	{'収量': np.float64(2356.0468528258), '洪水被害': np.float64(56421202.00499671), '予算': np.float64(100000000.0), '生態系': np.float64(98.82087139469722), '都市利便性': np.float64(90.87477910185476)}	{'収量': 23.6, '洪水被害': 71.8, '予算': 90.0, '生態系': 98.8, '都市利便性': 90.9}	75.02000000000001	2025-05-25 00:29:38.778863+00:00
りょうた２２	シナリオ1	2076-2100	{'収量': np.float64(361.6061962732356), '洪水被害': np.float64(126452651.04564688), '予算': np.float64(100000000.0), '生態系': np.float64(94.9171565954033), '都市利便性': np.float64(58.92780365177747)}	{'収量': 3.6, '洪水被害': 36.8, '予算': 90.0, '生態系': 94.9, '都市利便性': 58.9}	56.84	2025-05-25 00:29:48.800993+00:00
りょよい	シナリオ1	2026-2050	{'収量': np.float64(5000.0), '洪水被害': np.float64(0.0), '予算': np.float64(331000000.0), '生態系': np.float64(99.995), '都市利便性': np.float64(0.0)}	{'収量': 1.7, '洪水被害': -0.0, '予算': 0.3, '生態系': 100.0, '都市利便性': 0.0}	20.4	2025-05-24 05:47:50.936023+00:00
りょよい	シナリオ1	2051-2075	{'収量': np.float64(3697.05558234541), '洪水被害': np.float64(52826893.32564182), '予算': np.float64(467000000.0), '生態系': np.float64(0.0), '都市利便性': np.float64(0.0)}	{'収量': 1.2, '洪水被害': 26.4, '予算': 0.5, '生態系': 0.0, '都市利便性': 0.0}	5.619999999999999	2025-05-24 05:50:13.393345+00:00
りょよい	シナリオ1	2076-2100	{'収量': np.float64(4486.021201981369), '洪水被害': np.float64(51381213.13519644), '予算': np.float64(436000000.0), '生態系': np.float64(0.0), '都市利便性': np.float64(16.14346122544361)}	{'収量': 1.5, '洪水被害': 25.7, '予算': 0.4, '生態系': 0.0, '都市利便性': 16.1}	8.74	2025-05-24 05:51:49.086775+00:00
りんご	シナリオ1	2026-2050	{'収量': np.float64(5000.0), '洪水被害': np.float64(0.0), '予算': np.float64(331000000.0), '生態系': np.float64(99.99995), '都市利便性': np.float64(4.99)}	{'収量': 50.0, '洪水被害': 100.0, '予算': 66.9, '生態系': 100.0, '都市利便性': 5.0}	64.38	2025-05-25 08:03:13.073818+00:00
りんご	シナリオ1	2051-2075	{'収量': np.float64(4783.048807799358), '洪水被害': np.float64(21678452.55339751), '予算': np.float64(110000000.0), '生態系': np.float64(99.99869999999996), '都市利便性': np.float64(46.82224201892137)}	{'収量': 47.8, '洪水被害': 89.2, '予算': 89.0, '生態系': 100.0, '都市利便性': 46.8}	74.56	2025-05-25 08:06:14.519165+00:00
りんご	シナリオ1	2076-2100	{'収量': np.float64(-98.29325205372575), '洪水被害': np.float64(28207433.364454854), '予算': np.float64(286000000.0), '生態系': np.float64(81.94874187987229), '都市利便性': np.float64(0.0)}	{'収量': 0.0, '洪水被害': 85.9, '予算': 71.4, '生態系': 81.9, '都市利便性': 0.0}	47.84	2025-05-25 08:09:42.560229+00:00
ソウスケ	シナリオ1	2026-2050	{'収量': np.float64(4999.833333333333), '洪水被害': np.float64(0.0), '予算': np.float64(255000000.0), '生態系': np.float64(99.99995), '都市利便性': np.float64(0.0)}	{'収量': 50.0, '洪水被害': 100.0, '予算': 74.5, '生態系': 100.0, '都市利便性': 0.0}	64.9	2025-05-25 07:04:29.568339+00:00
ソウスケ	シナリオ1	2051-2075	{'収量': np.float64(4152.827845019382), '洪水被害': np.float64(42861326.61648219), '予算': np.float64(512000000.0), '生態系': np.float64(72.58151411597251), '都市利便性': np.float64(0.0)}	{'収量': 41.5, '洪水被害': 78.6, '予算': 48.8, '生態系': 72.6, '都市利便性': 0.0}	48.3	2025-05-25 07:06:48.418558+00:00
ソウスケ	シナリオ1	2076-2100	{'収量': np.float64(891.5450531187169), '洪水被害': np.float64(103122894.27220407), '予算': np.float64(60000000.0), '生態系': np.float64(33.45561612303474), '都市利便性': np.float64(0.0)}	{'収量': 8.9, '洪水被害': 48.4, '予算': 94.0, '生態系': 33.5, '都市利便性': 0.0}	36.96	2025-05-25 07:08:42.387779+00:00
トリーズ	シナリオ1	2026-2050	{'収量': np.float64(5000.0), '洪水被害': np.float64(0.0), '予算': np.float64(381000000.0), '生態系': np.float64(99.99995), '都市利便性': np.float64(0.0)}	{'収量': 50.0, '洪水被害': 100.0, '予算': 61.9, '生態系': 100.0, '都市利便性': 0.0}	62.38	2025-05-25 07:46:31.963398+00:00
トリーズ	シナリオ1	2051-2075	{'収量': np.float64(3698.056631635093), '洪水被害': np.float64(130194336.83649072), '予算': np.float64(200000000.0), '生態系': np.float64(99.98469999999999), '都市利便性': np.float64(0.0)}	{'収量': 37.0, '洪水被害': 34.9, '予算': 80.0, '生態系': 100.0, '都市利便性': 0.0}	50.38	2025-05-25 07:49:22.757194+00:00
トリーズ	シナリオ1	2076-2100	{'収量': np.float64(4704.057469053831), '洪水被害': np.float64(29577586.427950267), '予算': np.float64(286000000.0), '生態系': np.float64(99.90944999999995), '都市利便性': np.float64(43.885023670778025)}	{'収量': 47.0, '洪水被害': 85.2, '予算': 71.4, '生態系': 99.9, '都市利便性': 43.9}	69.47999999999999	2025-05-25 07:52:02.290059+00:00
パール	シナリオ1	2026-2050	{'収量': np.float64(5000.0), '洪水被害': np.float64(0.0), '予算': np.float64(260000000.0), '生態系': np.float64(99.99995), '都市利便性': np.float64(0.0)}	{'収量': 50.0, '洪水被害': 100.0, '予算': 74.0, '生態系': 100.0, '都市利便性': 0.0}	64.8	2025-05-25 08:41:56.193384+00:00
パール	シナリオ1	2051-2075	{'収量': np.float64(4999.833333333333), '洪水被害': np.float64(0.0), '予算': np.float64(215000000.0), '生態系': np.float64(99.95069999999997), '都市利便性': np.float64(9.847951409470761)}	{'収量': 50.0, '洪水被害': 100.0, '予算': 78.5, '生態系': 100.0, '都市利便性': 9.8}	67.66	2025-05-25 08:44:17.207358+00:00
パール	シナリオ1	2076-2100	{'収量': np.float64(4993.995572425119), '洪水被害': np.float64(583776.0908214512), '予算': np.float64(215000000.0), '生態系': np.float64(99.81544999999988), '都市利便性': np.float64(100.0)}	{'収量': 49.9, '洪水被害': 99.7, '予算': 78.5, '生態系': 99.8, '都市利便性': 100.0}	85.58	2025-05-25 08:46:04.072062+00:00
プーさん	シナリオ1	2026-2050	{'収量': np.float64(5000.0), '洪水被害': np.float64(0.0), '予算': np.float64(381000000.0), '生態系': np.float64(99.99995), '都市利便性': np.float64(0.0)}	{'収量': 50.0, '洪水被害': 100.0, '予算': 61.9, '生態系': 100.0, '都市利便性': 0.0}	62.38	2025-05-25 01:34:49.679721+00:00
プーさん	シナリオ1	2051-2075	{'収量': np.float64(4250.733382595571), '洪水被害': np.float64(74926661.74044289), '予算': np.float64(286000000.0), '生態系': np.float64(80.3920354562786), '都市利便性': np.float64(0.0)}	{'収量': 42.5, '洪水被害': 62.5, '予算': 71.4, '生態系': 80.4, '都市利便性': 0.0}	51.36	2025-05-25 01:36:24.233810+00:00
プーさん	シナリオ1	2076-2100	{'収量': np.float64(3769.3040587092737), '洪水被害': np.float64(123052927.46240595), '予算': np.float64(241000000.0), '生態系': np.float64(76.39073857984675), '都市利便性': np.float64(0.0)}	{'収量': 37.7, '洪水被害': 38.5, '予算': 75.9, '生態系': 76.4, '都市利便性': 0.0}	45.7	2025-05-25 01:37:38.917814+00:00
ラスてる	シナリオ1	2026-2050	{'収量': np.float64(4805.880617785917), '洪水被害': np.float64(19411938.221408352), '予算': np.float64(381000000.0), '生態系': np.float64(99.99995), '都市利便性': np.float64(0.0)}	{'収量': 48.1, '洪水被害': 90.3, '予算': 61.9, '生態系': 100.0, '都市利便性': 0.0}	60.06	2025-05-25 03:02:59.580522+00:00
ラスてる	シナリオ1	2051-2075	{'収量': np.float64(3140.337282356868), '洪水被害': np.float64(17828842.14877078), '予算': np.float64(60000000.0), '生態系': np.float64(83.28605077208184), '都市利便性': np.float64(50.6718524235481)}	{'収量': 31.4, '洪水被害': 91.1, '予算': 94.0, '生態系': 83.3, '都市利便性': 50.7}	70.1	2025-05-25 03:05:11.095172+00:00
ラスてる	シナリオ1	2076-2100	{'収量': np.float64(1216.3503025333446), '洪水被害': np.float64(19600879.646852266), '予算': np.float64(381000000.0), '生態系': np.float64(44.21015277914417), '都市利便性': np.float64(4.255976693736745)}	{'収量': 12.2, '洪水被害': 90.2, '予算': 61.9, '生態系': 44.2, '都市利便性': 4.3}	42.56	2025-05-25 03:07:08.509103+00:00
・・・	シナリオ1	2026-2050	{'収量': np.float64(5000.0), '洪水被害': np.float64(0.0), '予算': np.float64(205000000.0), '生態系': np.float64(99.99995), '都市利便性': np.float64(0.0)}	{'収量': 50.0, '洪水被害': 100.0, '予算': 79.5, '生態系': 100.0, '都市利便性': 0.0}	65.9	2025-05-25 02:14:05.138349+00:00
・・・	シナリオ1	2051-2075	{'収量': np.float64(4419.01850143991), '洪水被害': np.float64(58098149.856009014), '予算': np.float64(286000000.0), '生態系': np.float64(99.95069999999997), '都市利便性': np.float64(0.0)}	{'収量': 44.2, '洪水被害': 71.0, '予算': 71.4, '生態系': 100.0, '都市利便性': 0.0}	57.32000000000001	2025-05-25 02:15:54.106616+00:00
・・・	シナリオ1	2076-2100	{'収量': np.float64(4743.951438919922), '洪水被害': np.float64(25588189.44134112), '予算': np.float64(60000000.0), '生態系': np.float64(99.8494499999998), '都市利便性': np.float64(0.0)}	{'収量': 47.4, '洪水被害': 87.2, '予算': 94.0, '生態系': 99.8, '都市利便性': 0.0}	65.67999999999999	2025-05-25 02:18:21.404965+00:00
和吉	シナリオ1	2026-2050	{'収量': np.float64(4837.679294715811), '洪水被害': np.float64(16232070.528418904), '予算': np.float64(512000000.0), '生態系': np.float64(99.99995), '都市利便性': np.float64(0.0)}	{'収量': 48.4, '洪水被害': 91.9, '予算': 48.8, '生態系': 100.0, '都市利便性': 0.0}	57.82000000000001	2025-05-25 08:19:45.916635+00:00
和吉	シナリオ1	2051-2075	{'収量': np.float64(4493.921689041863), '洪水被害': np.float64(50607831.09581372), '予算': np.float64(250000000.0), '生態系': np.float64(99.99869999999996), '都市利便性': np.float64(0.0)}	{'収量': 44.9, '洪水被害': 74.7, '予算': 75.0, '生態系': 100.0, '都市利便性': 0.0}	58.92	2025-05-25 08:26:12.033239+00:00
和吉	シナリオ1	2076-2100	{'収量': np.float64(3988.620515971398), '洪水被害': np.float64(66985713.67400979), '予算': np.float64(15000000.0), '生態系': np.float64(99.94944999999993), '都市利便性': np.float64(1.4442064300370134)}	{'収量': 39.9, '洪水被害': 66.5, '予算': 98.5, '生態系': 99.9, '都市利便性': 1.4}	61.24	2025-05-25 08:29:02.056512+00:00
咲乃	シナリオ1	2026-2050	{'収量': np.float64(5000.0), '洪水被害': np.float64(0.0), '予算': np.float64(517000000.0), '生態系': np.float64(99.99995), '都市利便性': np.float64(0.0)}	{'収量': 50.0, '洪水被害': 100.0, '予算': 48.3, '生態系': 100.0, '都市利便性': 0.0}	59.66	2025-05-25 06:32:45.084749+00:00
咲乃	シナリオ1	2051-2075	{'収量': np.float64(4639.787030244707), '洪水被害': np.float64(36021296.97552924), '予算': np.float64(200000000.0), '生態系': np.float64(99.99869999999996), '都市利便性': np.float64(0.0)}	{'収量': 46.4, '洪水被害': 82.0, '予算': 80.0, '生態系': 100.0, '都市利便性': 0.0}	61.67999999999999	2025-05-25 06:34:32.004027+00:00
咲乃	シナリオ1	2076-2100	{'収量': np.float64(4398.203958111916), '洪水被害': np.float64(60162937.522141725), '予算': np.float64(110000000.0), '生態系': np.float64(99.95344999999993), '都市利便性': np.float64(0.0)}	{'収量': 44.0, '洪水被害': 69.9, '予算': 89.0, '生態系': 100.0, '都市利便性': 0.0}	60.58	2025-05-25 06:36:20.045087+00:00
大山	シナリオ1	2026-2050	{'収量': 5000.0, '洪水被害': 0.0, '予算': 567000000.0, '生態系': 99.99995, '都市利便性': 4.987490003603406}	{'収量': 50.0, '洪水被害': 100.0, '予算': 43.3, '生態系': 100.0, '都市利便性': 5.0}	59.66	2025-05-28 02:03:28.089249+00:00
大山	シナリオ1	2051-2075	{'収量': 3251.7486737575928, '洪水被害': 73946554.66456702, '予算': 667000000.0, '生態系': 77.96419745406328, '都市利便性': 0.0}	{'収量': 32.5, '洪水被害': 63.0, '予算': 33.3, '生態系': 78.0, '都市利便性': 0.0}	41.36	2025-05-28 02:03:36.561520+00:00
大山	シナリオ1	2076-2100	{'収量': 4366.629340540896, '洪水被害': 63320399.27924365, '予算': 677000000.0, '生態系': 55.939757431225814, '都市利便性': 26.78444288038611}	{'収量': 43.7, '洪水被害': 68.3, '予算': 32.3, '生態系': 55.9, '都市利便性': 26.8}	45.400000000000006	2025-05-28 02:03:42.714218+00:00
扇台小学校	シナリオ1	2026-2050	{'収量': np.float64(5000.0), '洪水被害': np.float64(0.0), '予算': np.float64(381000000.0), '生態系': np.float64(99.99995), '都市利便性': np.float64(0.0)}	{'収量': 50.0, '洪水被害': 100.0, '予算': 61.9, '生態系': 100.0, '都市利便性': 0.0}	62.38	2025-05-25 03:33:05.530058+00:00
扇台小学校	シナリオ1	2051-2075	{'収量': np.float64(4771.835691159794), '洪水被害': np.float64(22799764.21735395), '予算': np.float64(60000000.0), '生態系': np.float64(99.98669999999998), '都市利便性': np.float64(0.0)}	{'収量': 47.7, '洪水被害': 88.6, '予算': 94.0, '生態系': 100.0, '都市利便性': 0.0}	66.06	2025-05-25 03:35:05.281331+00:00
扇台小学校	シナリオ1	2076-2100	{'収量': np.float64(2202.0794993056193), '洪水被害': np.float64(68484898.28010403), '予算': np.float64(155000000.0), '生態系': np.float64(82.79803771893003), '都市利便性': np.float64(0.0)}	{'収量': 22.0, '洪水被害': 65.8, '予算': 84.5, '生態系': 82.8, '都市利便性': 0.0}	51.02	2025-05-25 03:37:11.418119+00:00
物理卓	シナリオ1	2026-2050	{'収量': np.float64(4999.833333333333), '洪水被害': np.float64(0.0), '予算': np.float64(336000000.0), '生態系': np.float64(99.99995), '都市利便性': np.float64(9.99)}	{'収量': 50.0, '洪水被害': 100.0, '予算': 66.4, '生態系': 100.0, '都市利便性': 10.0}	65.28	2025-05-25 04:58:08.550154+00:00
物理卓	シナリオ1	2051-2075	{'収量': np.float64(4607.313393693388), '洪水被害': np.float64(39268660.63066116), '予算': np.float64(336000000.0), '生態系': np.float64(97.3986721637374), '都市利便性': np.float64(97.88002449508345)}	{'収量': 46.1, '洪水被害': 80.4, '予算': 66.4, '生態系': 97.4, '都市利便性': 97.9}	77.64000000000001	2025-05-25 05:01:12.173867+00:00
物理卓	シナリオ1	2076-2100	{'収量': np.float64(4764.9545334828545), '洪水被害': np.float64(19410936.699623734), '予算': np.float64(60000000.0), '生態系': np.float64(61.808101026798816), '都市利便性': np.float64(23.488156436251714)}	{'収量': 47.6, '洪水被害': 90.3, '予算': 94.0, '生態系': 61.8, '都市利便性': 23.5}	63.44	2025-05-25 05:05:27.171122+00:00
白石	シナリオ1	2026-2050	{'収量': np.float64(4999.833333333333), '洪水被害': np.float64(0.0), '予算': np.float64(15000000.0), '生態系': np.float64(99.99995), '都市利便性': np.float64(0.0)}	{'収量': 50.0, '洪水被害': 100.0, '予算': 98.5, '生態系': 100.0, '都市利便性': 0.0}	69.7	2025-05-25 08:54:18.004896+00:00
白石	シナリオ1	2051-2075	{'収量': np.float64(4793.985171693275), '洪水被害': np.float64(20601482.83067251), '予算': np.float64(105000000.0), '生態系': np.float64(99.99869999999996), '都市利便性': np.float64(0.0)}	{'収量': 47.9, '洪水被害': 89.7, '予算': 89.5, '生態系': 100.0, '都市利便性': 0.0}	65.42	2025-05-25 08:55:38.064749+00:00
白石	シナリオ1	2076-2100	{'収量': np.float64(4095.8972876395646), '洪水被害': np.float64(90410271.23604351), '予算': np.float64(286000000.0), '生態系': np.float64(99.99744999999992), '都市利便性': np.float64(0.0)}	{'収量': 41.0, '洪水被害': 54.8, '予算': 71.4, '生態系': 100.0, '都市利便性': 0.0}	53.44	2025-05-25 08:56:26.194701+00:00
開智望	シナリオ1	2026-2050	{'収量': np.float64(5000.0), '洪水被害': np.float64(0.0), '予算': np.float64(517000000.0), '生態系': np.float64(99.99995), '都市利便性': np.float64(0.0)}	{'収量': 50.0, '洪水被害': 100.0, '予算': 48.3, '生態系': 100.0, '都市利便性': 0.0}	59.66	2025-05-25 06:20:19.467357+00:00
開智望	シナリオ1	2051-2075	{'収量': np.float64(4851.138721782321), '洪水被害': np.float64(14886127.821767874), '予算': np.float64(667000000.0), '生態系': np.float64(99.99869999999996), '都市利便性': np.float64(0.0)}	{'収量': 48.5, '洪水被害': 92.6, '予算': 33.3, '生態系': 100.0, '都市利便性': 0.0}	54.88	2025-05-25 06:23:04.306077+00:00
開智望	シナリオ1	2076-2100	{'収量': np.float64(4897.145785184279), '洪水被害': np.float64(10285421.481572099), '予算': np.float64(310000000.0), '生態系': np.float64(99.11700402186855), '都市利便性': np.float64(0.0)}	{'収量': 49.0, '洪水被害': 94.9, '予算': 69.0, '生態系': 99.1, '都市利便性': 0.0}	62.4	2025-05-25 06:26:37.722489+00:00
餃子	シナリオ1	2026-2050	{'収量': np.float64(5000.0), '洪水被害': np.float64(0.0), '予算': np.float64(381000000.0), '生態系': np.float64(99.99995), '都市利便性': np.float64(4.99)}	{'収量': 50.0, '洪水被害': 100.0, '予算': 61.9, '生態系': 100.0, '都市利便性': 5.0}	63.38	2025-05-25 04:43:54.973789+00:00
餃子	シナリオ1	2051-2075	{'収量': np.float64(4838.306929949453), '洪水被害': np.float64(16152640.338388048), '予算': np.float64(241000000.0), '生態系': np.float64(86.87865425709015), '都市利便性': np.float64(52.31407340195407)}	{'収量': 48.4, '洪水被害': 91.9, '予算': 75.9, '生態系': 86.9, '都市利便性': 52.3}	71.08000000000001	2025-05-25 04:46:20.661402+00:00
餃子	シナリオ1	2076-2100	{'収量': np.float64(4409.003275022062), '洪水被害': np.float64(21321311.44044657), '予算': np.float64(110000000.0), '生態系': np.float64(65.75366355718545), '都市利便性': np.float64(0.0)}	{'収量': 44.1, '洪水被害': 89.3, '予算': 89.0, '生態系': 65.8, '都市利便性': 0.0}	57.64	2025-05-25 04:48:35.849336+00:00
